ISO-10303-21;
HEADER;
/* Generated by software containing ST-Developer
 * from STEP Tools, Inc. (www.steptools.com) 
 */

FILE_DESCRIPTION(
/* description */ ('KiCad electronic assembly'),
/* implementation_level */ '2;1');

FILE_NAME(
/* name */ 'DreamPad Assembly.step',
/* time_stamp */ '2026-09-13T08:57:15+05:30',
/* author */ (''),
/* organization */ (''),
/* preprocessor_version */ 'ST-DEVELOPER v20.2',
/* originating_system */ 'Autodesk Translation Framework v15.15.0.0',
/* authorisation */ '');

FILE_SCHEMA (('AUTOMOTIVE_DESIGN { 1 0 10303 214 3 1 1 }'));
ENDSEC;

DATA;
#10=MECHANICAL_DESIGN_GEOMETRIC_PRESENTATION_REPRESENTATION('',(#46,#47,
#48,#49,#50,#51),#2707);
#11=SHAPE_REPRESENTATION_RELATIONSHIP('SRR','None',#2713,#12);
#12=ADVANCED_BREP_SHAPE_REPRESENTATION('',(#52,#53,#54,#55,#56,#57),#2706);
#13=CIRCLE('',#1714,1.6);
#14=CIRCLE('',#1715,1.6);
#15=CIRCLE('',#1718,1.6);
#16=CIRCLE('',#1719,1.6);
#17=CIRCLE('',#1722,1.6);
#18=CIRCLE('',#1723,1.6);
#19=CIRCLE('',#1726,1.6);
#20=CIRCLE('',#1727,1.6);
#21=CIRCLE('',#1730,1.6);
#22=CIRCLE('',#1731,1.6);
#23=CIRCLE('',#1734,3.00000000000001);
#24=CIRCLE('',#1735,3.00000000000001);
#25=CIRCLE('',#1738,3.00000000000001);
#26=CIRCLE('',#1739,3.00000000000001);
#27=CIRCLE('',#1742,3.00000000000001);
#28=CIRCLE('',#1743,3.00000000000001);
#29=CIRCLE('',#1746,3.00000000000001);
#30=CIRCLE('',#1747,3.00000000000001);
#31=CIRCLE('',#1750,3.00000000000001);
#32=CIRCLE('',#1751,3.00000000000001);
#33=CIRCLE('',#1770,3.50000000000001);
#34=CIRCLE('',#1771,3.50000000000001);
#35=CYLINDRICAL_SURFACE('',#1713,1.6);
#36=CYLINDRICAL_SURFACE('',#1717,1.6);
#37=CYLINDRICAL_SURFACE('',#1721,1.6);
#38=CYLINDRICAL_SURFACE('',#1725,1.6);
#39=CYLINDRICAL_SURFACE('',#1729,1.6);
#40=CYLINDRICAL_SURFACE('',#1733,3.00000000000001);
#41=CYLINDRICAL_SURFACE('',#1737,3.00000000000001);
#42=CYLINDRICAL_SURFACE('',#1741,3.00000000000001);
#43=CYLINDRICAL_SURFACE('',#1745,3.00000000000001);
#44=CYLINDRICAL_SURFACE('',#1749,3.00000000000001);
#45=CYLINDRICAL_SURFACE('',#1769,3.50000000000001);
#46=STYLED_ITEM('',(#2722),#52);
#47=STYLED_ITEM('',(#2722),#53);
#48=STYLED_ITEM('',(#2722),#54);
#49=STYLED_ITEM('',(#2722),#55);
#50=STYLED_ITEM('',(#2722),#56);
#51=STYLED_ITEM('',(#2722),#57);
#52=MANIFOLD_SOLID_BREP('Body1',#1682);
#53=MANIFOLD_SOLID_BREP('Body2',#1683);
#54=MANIFOLD_SOLID_BREP('Body3',#1684);
#55=MANIFOLD_SOLID_BREP('Body4',#1685);
#56=MANIFOLD_SOLID_BREP('Body5',#1686);
#57=MANIFOLD_SOLID_BREP('Body6',#1687);
#58=FACE_BOUND('',#186,.T.);
#59=FACE_BOUND('',#188,.T.);
#60=FACE_BOUND('',#192,.T.);
#61=FACE_BOUND('',#197,.T.);
#62=FACE_BOUND('',#208,.T.);
#63=FACE_BOUND('',#210,.T.);
#64=FACE_BOUND('',#223,.T.);
#65=FACE_BOUND('',#226,.T.);
#66=FACE_BOUND('',#229,.T.);
#67=FACE_BOUND('',#232,.T.);
#68=FACE_BOUND('',#235,.T.);
#69=FACE_BOUND('',#240,.T.);
#70=FACE_BOUND('',#241,.T.);
#71=FACE_BOUND('',#242,.T.);
#72=FACE_BOUND('',#243,.T.);
#73=FACE_BOUND('',#244,.T.);
#74=FACE_BOUND('',#256,.T.);
#75=FACE_BOUND('',#258,.T.);
#76=FACE_BOUND('',#277,.T.);
#77=FACE_BOUND('',#278,.T.);
#78=FACE_BOUND('',#279,.T.);
#79=FACE_BOUND('',#280,.T.);
#80=FACE_BOUND('',#283,.T.);
#81=FACE_BOUND('',#284,.T.);
#82=FACE_BOUND('',#285,.T.);
#83=FACE_BOUND('',#301,.T.);
#84=FACE_BOUND('',#303,.T.);
#85=FACE_OUTER_BOUND('',#181,.T.);
#86=FACE_OUTER_BOUND('',#182,.T.);
#87=FACE_OUTER_BOUND('',#183,.T.);
#88=FACE_OUTER_BOUND('',#184,.T.);
#89=FACE_OUTER_BOUND('',#185,.T.);
#90=FACE_OUTER_BOUND('',#187,.T.);
#91=FACE_OUTER_BOUND('',#189,.T.);
#92=FACE_OUTER_BOUND('',#190,.T.);
#93=FACE_OUTER_BOUND('',#191,.T.);
#94=FACE_OUTER_BOUND('',#193,.T.);
#95=FACE_OUTER_BOUND('',#194,.T.);
#96=FACE_OUTER_BOUND('',#195,.T.);
#97=FACE_OUTER_BOUND('',#196,.T.);
#98=FACE_OUTER_BOUND('',#198,.T.);
#99=FACE_OUTER_BOUND('',#199,.T.);
#100=FACE_OUTER_BOUND('',#200,.T.);
#101=FACE_OUTER_BOUND('',#201,.T.);
#102=FACE_OUTER_BOUND('',#202,.T.);
#103=FACE_OUTER_BOUND('',#203,.T.);
#104=FACE_OUTER_BOUND('',#204,.T.);
#105=FACE_OUTER_BOUND('',#205,.T.);
#106=FACE_OUTER_BOUND('',#206,.T.);
#107=FACE_OUTER_BOUND('',#207,.T.);
#108=FACE_OUTER_BOUND('',#209,.T.);
#109=FACE_OUTER_BOUND('',#211,.T.);
#110=FACE_OUTER_BOUND('',#212,.T.);
#111=FACE_OUTER_BOUND('',#213,.T.);
#112=FACE_OUTER_BOUND('',#214,.T.);
#113=FACE_OUTER_BOUND('',#215,.T.);
#114=FACE_OUTER_BOUND('',#216,.T.);
#115=FACE_OUTER_BOUND('',#217,.T.);
#116=FACE_OUTER_BOUND('',#218,.T.);
#117=FACE_OUTER_BOUND('',#219,.T.);
#118=FACE_OUTER_BOUND('',#220,.T.);
#119=FACE_OUTER_BOUND('',#221,.T.);
#120=FACE_OUTER_BOUND('',#222,.T.);
#121=FACE_OUTER_BOUND('',#224,.T.);
#122=FACE_OUTER_BOUND('',#225,.T.);
#123=FACE_OUTER_BOUND('',#227,.T.);
#124=FACE_OUTER_BOUND('',#228,.T.);
#125=FACE_OUTER_BOUND('',#230,.T.);
#126=FACE_OUTER_BOUND('',#231,.T.);
#127=FACE_OUTER_BOUND('',#233,.T.);
#128=FACE_OUTER_BOUND('',#234,.T.);
#129=FACE_OUTER_BOUND('',#236,.T.);
#130=FACE_OUTER_BOUND('',#237,.T.);
#131=FACE_OUTER_BOUND('',#238,.T.);
#132=FACE_OUTER_BOUND('',#239,.T.);
#133=FACE_OUTER_BOUND('',#245,.T.);
#134=FACE_OUTER_BOUND('',#246,.T.);
#135=FACE_OUTER_BOUND('',#247,.T.);
#136=FACE_OUTER_BOUND('',#248,.T.);
#137=FACE_OUTER_BOUND('',#249,.T.);
#138=FACE_OUTER_BOUND('',#250,.T.);
#139=FACE_OUTER_BOUND('',#251,.T.);
#140=FACE_OUTER_BOUND('',#252,.T.);
#141=FACE_OUTER_BOUND('',#253,.T.);
#142=FACE_OUTER_BOUND('',#254,.T.);
#143=FACE_OUTER_BOUND('',#255,.T.);
#144=FACE_OUTER_BOUND('',#257,.T.);
#145=FACE_OUTER_BOUND('',#259,.T.);
#146=FACE_OUTER_BOUND('',#260,.T.);
#147=FACE_OUTER_BOUND('',#261,.T.);
#148=FACE_OUTER_BOUND('',#262,.T.);
#149=FACE_OUTER_BOUND('',#263,.T.);
#150=FACE_OUTER_BOUND('',#264,.T.);
#151=FACE_OUTER_BOUND('',#265,.T.);
#152=FACE_OUTER_BOUND('',#266,.T.);
#153=FACE_OUTER_BOUND('',#267,.T.);
#154=FACE_OUTER_BOUND('',#268,.T.);
#155=FACE_OUTER_BOUND('',#269,.T.);
#156=FACE_OUTER_BOUND('',#270,.T.);
#157=FACE_OUTER_BOUND('',#271,.T.);
#158=FACE_OUTER_BOUND('',#272,.T.);
#159=FACE_OUTER_BOUND('',#273,.T.);
#160=FACE_OUTER_BOUND('',#274,.T.);
#161=FACE_OUTER_BOUND('',#275,.T.);
#162=FACE_OUTER_BOUND('',#276,.T.);
#163=FACE_OUTER_BOUND('',#281,.T.);
#164=FACE_OUTER_BOUND('',#282,.T.);
#165=FACE_OUTER_BOUND('',#286,.T.);
#166=FACE_OUTER_BOUND('',#287,.T.);
#167=FACE_OUTER_BOUND('',#288,.T.);
#168=FACE_OUTER_BOUND('',#289,.T.);
#169=FACE_OUTER_BOUND('',#290,.T.);
#170=FACE_OUTER_BOUND('',#291,.T.);
#171=FACE_OUTER_BOUND('',#292,.T.);
#172=FACE_OUTER_BOUND('',#293,.T.);
#173=FACE_OUTER_BOUND('',#294,.T.);
#174=FACE_OUTER_BOUND('',#295,.T.);
#175=FACE_OUTER_BOUND('',#296,.T.);
#176=FACE_OUTER_BOUND('',#297,.T.);
#177=FACE_OUTER_BOUND('',#298,.T.);
#178=FACE_OUTER_BOUND('',#299,.T.);
#179=FACE_OUTER_BOUND('',#300,.T.);
#180=FACE_OUTER_BOUND('',#302,.T.);
#181=EDGE_LOOP('',(#1063,#1064,#1065,#1066));
#182=EDGE_LOOP('',(#1067,#1068,#1069,#1070));
#183=EDGE_LOOP('',(#1071,#1072,#1073,#1074));
#184=EDGE_LOOP('',(#1075,#1076,#1077,#1078));
#185=EDGE_LOOP('',(#1079,#1080,#1081,#1082));
#186=EDGE_LOOP('',(#1083,#1084,#1085,#1086));
#187=EDGE_LOOP('',(#1087,#1088,#1089,#1090));
#188=EDGE_LOOP('',(#1091,#1092,#1093,#1094));
#189=EDGE_LOOP('',(#1095,#1096,#1097,#1098));
#190=EDGE_LOOP('',(#1099,#1100,#1101,#1102));
#191=EDGE_LOOP('',(#1103,#1104,#1105,#1106));
#192=EDGE_LOOP('',(#1107,#1108,#1109,#1110));
#193=EDGE_LOOP('',(#1111,#1112,#1113,#1114));
#194=EDGE_LOOP('',(#1115,#1116,#1117,#1118));
#195=EDGE_LOOP('',(#1119,#1120,#1121,#1122));
#196=EDGE_LOOP('',(#1123,#1124,#1125,#1126));
#197=EDGE_LOOP('',(#1127,#1128,#1129,#1130));
#198=EDGE_LOOP('',(#1131,#1132,#1133,#1134));
#199=EDGE_LOOP('',(#1135,#1136,#1137,#1138));
#200=EDGE_LOOP('',(#1139,#1140,#1141,#1142));
#201=EDGE_LOOP('',(#1143,#1144,#1145,#1146));
#202=EDGE_LOOP('',(#1147,#1148,#1149,#1150));
#203=EDGE_LOOP('',(#1151,#1152,#1153,#1154));
#204=EDGE_LOOP('',(#1155,#1156,#1157,#1158));
#205=EDGE_LOOP('',(#1159,#1160,#1161,#1162));
#206=EDGE_LOOP('',(#1163,#1164,#1165,#1166));
#207=EDGE_LOOP('',(#1167,#1168,#1169,#1170));
#208=EDGE_LOOP('',(#1171,#1172,#1173,#1174));
#209=EDGE_LOOP('',(#1175,#1176,#1177,#1178));
#210=EDGE_LOOP('',(#1179,#1180,#1181,#1182));
#211=EDGE_LOOP('',(#1183,#1184,#1185,#1186));
#212=EDGE_LOOP('',(#1187));
#213=EDGE_LOOP('',(#1188,#1189,#1190,#1191));
#214=EDGE_LOOP('',(#1192));
#215=EDGE_LOOP('',(#1193,#1194,#1195,#1196));
#216=EDGE_LOOP('',(#1197));
#217=EDGE_LOOP('',(#1198,#1199,#1200,#1201));
#218=EDGE_LOOP('',(#1202));
#219=EDGE_LOOP('',(#1203,#1204,#1205,#1206));
#220=EDGE_LOOP('',(#1207));
#221=EDGE_LOOP('',(#1208,#1209,#1210,#1211));
#222=EDGE_LOOP('',(#1212));
#223=EDGE_LOOP('',(#1213));
#224=EDGE_LOOP('',(#1214,#1215,#1216,#1217));
#225=EDGE_LOOP('',(#1218));
#226=EDGE_LOOP('',(#1219));
#227=EDGE_LOOP('',(#1220,#1221,#1222,#1223));
#228=EDGE_LOOP('',(#1224));
#229=EDGE_LOOP('',(#1225));
#230=EDGE_LOOP('',(#1226,#1227,#1228,#1229));
#231=EDGE_LOOP('',(#1230));
#232=EDGE_LOOP('',(#1231));
#233=EDGE_LOOP('',(#1232,#1233,#1234,#1235));
#234=EDGE_LOOP('',(#1236));
#235=EDGE_LOOP('',(#1237));
#236=EDGE_LOOP('',(#1238,#1239,#1240,#1241));
#237=EDGE_LOOP('',(#1242,#1243,#1244,#1245));
#238=EDGE_LOOP('',(#1246,#1247,#1248,#1249));
#239=EDGE_LOOP('',(#1250,#1251,#1252,#1253));
#240=EDGE_LOOP('',(#1254));
#241=EDGE_LOOP('',(#1255));
#242=EDGE_LOOP('',(#1256));
#243=EDGE_LOOP('',(#1257));
#244=EDGE_LOOP('',(#1258));
#245=EDGE_LOOP('',(#1259,#1260,#1261,#1262));
#246=EDGE_LOOP('',(#1263,#1264,#1265,#1266));
#247=EDGE_LOOP('',(#1267,#1268,#1269,#1270));
#248=EDGE_LOOP('',(#1271,#1272,#1273,#1274));
#249=EDGE_LOOP('',(#1275,#1276,#1277,#1278));
#250=EDGE_LOOP('',(#1279,#1280,#1281,#1282));
#251=EDGE_LOOP('',(#1283,#1284,#1285,#1286));
#252=EDGE_LOOP('',(#1287,#1288,#1289,#1290));
#253=EDGE_LOOP('',(#1291,#1292,#1293,#1294));
#254=EDGE_LOOP('',(#1295,#1296,#1297,#1298));
#255=EDGE_LOOP('',(#1299,#1300,#1301,#1302));
#256=EDGE_LOOP('',(#1303,#1304,#1305,#1306));
#257=EDGE_LOOP('',(#1307,#1308,#1309,#1310));
#258=EDGE_LOOP('',(#1311,#1312,#1313,#1314));
#259=EDGE_LOOP('',(#1315,#1316,#1317,#1318));
#260=EDGE_LOOP('',(#1319,#1320,#1321,#1322));
#261=EDGE_LOOP('',(#1323,#1324,#1325,#1326));
#262=EDGE_LOOP('',(#1327,#1328,#1329,#1330));
#263=EDGE_LOOP('',(#1331,#1332,#1333,#1334));
#264=EDGE_LOOP('',(#1335,#1336,#1337,#1338));
#265=EDGE_LOOP('',(#1339,#1340,#1341,#1342));
#266=EDGE_LOOP('',(#1343,#1344,#1345,#1346,#1347,#1348));
#267=EDGE_LOOP('',(#1349,#1350,#1351,#1352));
#268=EDGE_LOOP('',(#1353,#1354,#1355,#1356));
#269=EDGE_LOOP('',(#1357,#1358,#1359,#1360));
#270=EDGE_LOOP('',(#1361,#1362,#1363,#1364));
#271=EDGE_LOOP('',(#1365,#1366,#1367,#1368));
#272=EDGE_LOOP('',(#1369,#1370,#1371,#1372));
#273=EDGE_LOOP('',(#1373,#1374,#1375,#1376));
#274=EDGE_LOOP('',(#1377,#1378,#1379,#1380));
#275=EDGE_LOOP('',(#1381,#1382,#1383,#1384));
#276=EDGE_LOOP('',(#1385,#1386,#1387,#1388));
#277=EDGE_LOOP('',(#1389));
#278=EDGE_LOOP('',(#1390,#1391,#1392,#1393,#1394,#1395));
#279=EDGE_LOOP('',(#1396,#1397,#1398,#1399));
#280=EDGE_LOOP('',(#1400,#1401,#1402,#1403));
#281=EDGE_LOOP('',(#1404,#1405,#1406,#1407));
#282=EDGE_LOOP('',(#1408,#1409,#1410,#1411));
#283=EDGE_LOOP('',(#1412));
#284=EDGE_LOOP('',(#1413,#1414,#1415,#1416));
#285=EDGE_LOOP('',(#1417,#1418,#1419,#1420));
#286=EDGE_LOOP('',(#1421,#1422,#1423,#1424));
#287=EDGE_LOOP('',(#1425,#1426,#1427,#1428));
#288=EDGE_LOOP('',(#1429,#1430,#1431,#1432));
#289=EDGE_LOOP('',(#1433,#1434,#1435,#1436));
#290=EDGE_LOOP('',(#1437,#1438,#1439,#1440));
#291=EDGE_LOOP('',(#1441,#1442,#1443,#1444));
#292=EDGE_LOOP('',(#1445,#1446,#1447,#1448));
#293=EDGE_LOOP('',(#1449,#1450,#1451,#1452));
#294=EDGE_LOOP('',(#1453,#1454,#1455,#1456));
#295=EDGE_LOOP('',(#1457,#1458,#1459,#1460));
#296=EDGE_LOOP('',(#1461,#1462,#1463,#1464));
#297=EDGE_LOOP('',(#1465,#1466,#1467,#1468));
#298=EDGE_LOOP('',(#1469,#1470,#1471,#1472));
#299=EDGE_LOOP('',(#1473,#1474,#1475,#1476));
#300=EDGE_LOOP('',(#1477,#1478,#1479,#1480,#1481,#1482));
#301=EDGE_LOOP('',(#1483,#1484,#1485,#1486,#1487,#1488));
#302=EDGE_LOOP('',(#1489,#1490,#1491,#1492,#1493,#1494));
#303=EDGE_LOOP('',(#1495,#1496,#1497,#1498,#1499,#1500));
#304=LINE('',#2246,#501);
#305=LINE('',#2248,#502);
#306=LINE('',#2250,#503);
#307=LINE('',#2251,#504);
#308=LINE('',#2254,#505);
#309=LINE('',#2256,#506);
#310=LINE('',#2257,#507);
#311=LINE('',#2260,#508);
#312=LINE('',#2262,#509);
#313=LINE('',#2263,#510);
#314=LINE('',#2265,#511);
#315=LINE('',#2266,#512);
#316=LINE('',#2270,#513);
#317=LINE('',#2272,#514);
#318=LINE('',#2274,#515);
#319=LINE('',#2275,#516);
#320=LINE('',#2278,#517);
#321=LINE('',#2280,#518);
#322=LINE('',#2282,#519);
#323=LINE('',#2283,#520);
#324=LINE('',#2287,#521);
#325=LINE('',#2289,#522);
#326=LINE('',#2291,#523);
#327=LINE('',#2292,#524);
#328=LINE('',#2295,#525);
#329=LINE('',#2297,#526);
#330=LINE('',#2299,#527);
#331=LINE('',#2300,#528);
#332=LINE('',#2302,#529);
#333=LINE('',#2303,#530);
#334=LINE('',#2305,#531);
#335=LINE('',#2307,#532);
#336=LINE('',#2310,#533);
#337=LINE('',#2311,#534);
#338=LINE('',#2313,#535);
#339=LINE('',#2315,#536);
#340=LINE('',#2320,#537);
#341=LINE('',#2322,#538);
#342=LINE('',#2324,#539);
#343=LINE('',#2325,#540);
#344=LINE('',#2328,#541);
#345=LINE('',#2330,#542);
#346=LINE('',#2331,#543);
#347=LINE('',#2334,#544);
#348=LINE('',#2336,#545);
#349=LINE('',#2337,#546);
#350=LINE('',#2339,#547);
#351=LINE('',#2340,#548);
#352=LINE('',#2344,#549);
#353=LINE('',#2346,#550);
#354=LINE('',#2348,#551);
#355=LINE('',#2349,#552);
#356=LINE('',#2352,#553);
#357=LINE('',#2354,#554);
#358=LINE('',#2355,#555);
#359=LINE('',#2358,#556);
#360=LINE('',#2360,#557);
#361=LINE('',#2361,#558);
#362=LINE('',#2363,#559);
#363=LINE('',#2364,#560);
#364=LINE('',#2371,#561);
#365=LINE('',#2378,#562);
#366=LINE('',#2385,#563);
#367=LINE('',#2392,#564);
#368=LINE('',#2399,#565);
#369=LINE('',#2406,#566);
#370=LINE('',#2413,#567);
#371=LINE('',#2420,#568);
#372=LINE('',#2427,#569);
#373=LINE('',#2434,#570);
#374=LINE('',#2440,#571);
#375=LINE('',#2442,#572);
#376=LINE('',#2444,#573);
#377=LINE('',#2445,#574);
#378=LINE('',#2448,#575);
#379=LINE('',#2450,#576);
#380=LINE('',#2451,#577);
#381=LINE('',#2454,#578);
#382=LINE('',#2456,#579);
#383=LINE('',#2457,#580);
#384=LINE('',#2459,#581);
#385=LINE('',#2460,#582);
#386=LINE('',#2466,#583);
#387=LINE('',#2468,#584);
#388=LINE('',#2470,#585);
#389=LINE('',#2471,#586);
#390=LINE('',#2474,#587);
#391=LINE('',#2476,#588);
#392=LINE('',#2477,#589);
#393=LINE('',#2480,#590);
#394=LINE('',#2482,#591);
#395=LINE('',#2483,#592);
#396=LINE('',#2485,#593);
#397=LINE('',#2486,#594);
#398=LINE('',#2490,#595);
#399=LINE('',#2492,#596);
#400=LINE('',#2494,#597);
#401=LINE('',#2495,#598);
#402=LINE('',#2498,#599);
#403=LINE('',#2500,#600);
#404=LINE('',#2501,#601);
#405=LINE('',#2504,#602);
#406=LINE('',#2506,#603);
#407=LINE('',#2507,#604);
#408=LINE('',#2509,#605);
#409=LINE('',#2510,#606);
#410=LINE('',#2517,#607);
#411=LINE('',#2522,#608);
#412=LINE('',#2524,#609);
#413=LINE('',#2526,#610);
#414=LINE('',#2527,#611);
#415=LINE('',#2530,#612);
#416=LINE('',#2532,#613);
#417=LINE('',#2533,#614);
#418=LINE('',#2536,#615);
#419=LINE('',#2538,#616);
#420=LINE('',#2539,#617);
#421=LINE('',#2542,#618);
#422=LINE('',#2544,#619);
#423=LINE('',#2545,#620);
#424=LINE('',#2548,#621);
#425=LINE('',#2550,#622);
#426=LINE('',#2551,#623);
#427=LINE('',#2553,#624);
#428=LINE('',#2554,#625);
#429=LINE('',#2559,#626);
#430=LINE('',#2561,#627);
#431=LINE('',#2563,#628);
#432=LINE('',#2564,#629);
#433=LINE('',#2567,#630);
#434=LINE('',#2569,#631);
#435=LINE('',#2570,#632);
#436=LINE('',#2573,#633);
#437=LINE('',#2575,#634);
#438=LINE('',#2576,#635);
#439=LINE('',#2578,#636);
#440=LINE('',#2579,#637);
#441=LINE('',#2583,#638);
#442=LINE('',#2585,#639);
#443=LINE('',#2587,#640);
#444=LINE('',#2588,#641);
#445=LINE('',#2591,#642);
#446=LINE('',#2593,#643);
#447=LINE('',#2594,#644);
#448=LINE('',#2597,#645);
#449=LINE('',#2599,#646);
#450=LINE('',#2600,#647);
#451=LINE('',#2602,#648);
#452=LINE('',#2603,#649);
#453=LINE('',#2607,#650);
#454=LINE('',#2609,#651);
#455=LINE('',#2611,#652);
#456=LINE('',#2612,#653);
#457=LINE('',#2615,#654);
#458=LINE('',#2617,#655);
#459=LINE('',#2618,#656);
#460=LINE('',#2621,#657);
#461=LINE('',#2623,#658);
#462=LINE('',#2624,#659);
#463=LINE('',#2626,#660);
#464=LINE('',#2627,#661);
#465=LINE('',#2633,#662);
#466=LINE('',#2635,#663);
#467=LINE('',#2637,#664);
#468=LINE('',#2638,#665);
#469=LINE('',#2641,#666);
#470=LINE('',#2643,#667);
#471=LINE('',#2644,#668);
#472=LINE('',#2647,#669);
#473=LINE('',#2649,#670);
#474=LINE('',#2650,#671);
#475=LINE('',#2653,#672);
#476=LINE('',#2655,#673);
#477=LINE('',#2656,#674);
#478=LINE('',#2659,#675);
#479=LINE('',#2661,#676);
#480=LINE('',#2662,#677);
#481=LINE('',#2664,#678);
#482=LINE('',#2665,#679);
#483=LINE('',#2669,#680);
#484=LINE('',#2671,#681);
#485=LINE('',#2673,#682);
#486=LINE('',#2674,#683);
#487=LINE('',#2677,#684);
#488=LINE('',#2679,#685);
#489=LINE('',#2680,#686);
#490=LINE('',#2683,#687);
#491=LINE('',#2685,#688);
#492=LINE('',#2686,#689);
#493=LINE('',#2689,#690);
#494=LINE('',#2691,#691);
#495=LINE('',#2692,#692);
#496=LINE('',#2695,#693);
#497=LINE('',#2697,#694);
#498=LINE('',#2698,#695);
#499=LINE('',#2700,#696);
#500=LINE('',#2701,#697);
#501=VECTOR('',#1811,10.);
#502=VECTOR('',#1812,10.);
#503=VECTOR('',#1813,10.);
#504=VECTOR('',#1814,10.);
#505=VECTOR('',#1817,10.);
#506=VECTOR('',#1818,10.);
#507=VECTOR('',#1819,10.);
#508=VECTOR('',#1822,10.);
#509=VECTOR('',#1823,10.);
#510=VECTOR('',#1824,10.);
#511=VECTOR('',#1827,10.);
#512=VECTOR('',#1828,10.);
#513=VECTOR('',#1831,10.);
#514=VECTOR('',#1832,10.);
#515=VECTOR('',#1833,10.);
#516=VECTOR('',#1834,10.);
#517=VECTOR('',#1835,10.);
#518=VECTOR('',#1836,10.);
#519=VECTOR('',#1837,10.);
#520=VECTOR('',#1838,10.);
#521=VECTOR('',#1841,10.);
#522=VECTOR('',#1842,10.);
#523=VECTOR('',#1843,10.);
#524=VECTOR('',#1844,10.);
#525=VECTOR('',#1845,10.);
#526=VECTOR('',#1846,10.);
#527=VECTOR('',#1847,10.);
#528=VECTOR('',#1848,10.);
#529=VECTOR('',#1851,10.);
#530=VECTOR('',#1852,10.);
#531=VECTOR('',#1855,10.);
#532=VECTOR('',#1858,10.);
#533=VECTOR('',#1863,10.);
#534=VECTOR('',#1864,10.);
#535=VECTOR('',#1867,10.);
#536=VECTOR('',#1870,10.);
#537=VECTOR('',#1875,10.);
#538=VECTOR('',#1876,10.);
#539=VECTOR('',#1877,10.);
#540=VECTOR('',#1878,10.);
#541=VECTOR('',#1881,10.);
#542=VECTOR('',#1882,10.);
#543=VECTOR('',#1883,10.);
#544=VECTOR('',#1886,10.);
#545=VECTOR('',#1887,10.);
#546=VECTOR('',#1888,10.);
#547=VECTOR('',#1891,10.);
#548=VECTOR('',#1892,10.);
#549=VECTOR('',#1895,10.);
#550=VECTOR('',#1896,10.);
#551=VECTOR('',#1897,10.);
#552=VECTOR('',#1898,10.);
#553=VECTOR('',#1901,10.);
#554=VECTOR('',#1902,10.);
#555=VECTOR('',#1903,10.);
#556=VECTOR('',#1906,10.);
#557=VECTOR('',#1907,10.);
#558=VECTOR('',#1908,10.);
#559=VECTOR('',#1911,10.);
#560=VECTOR('',#1912,10.);
#561=VECTOR('',#1921,1.6);
#562=VECTOR('',#1930,1.6);
#563=VECTOR('',#1939,1.6);
#564=VECTOR('',#1948,1.6);
#565=VECTOR('',#1957,1.6);
#566=VECTOR('',#1966,3.00000000000001);
#567=VECTOR('',#1975,3.00000000000001);
#568=VECTOR('',#1984,3.00000000000001);
#569=VECTOR('',#1993,3.00000000000001);
#570=VECTOR('',#2002,3.00000000000001);
#571=VECTOR('',#2009,10.);
#572=VECTOR('',#2010,10.);
#573=VECTOR('',#2011,10.);
#574=VECTOR('',#2012,10.);
#575=VECTOR('',#2015,10.);
#576=VECTOR('',#2016,10.);
#577=VECTOR('',#2017,10.);
#578=VECTOR('',#2020,10.);
#579=VECTOR('',#2021,10.);
#580=VECTOR('',#2022,10.);
#581=VECTOR('',#2025,10.);
#582=VECTOR('',#2026,10.);
#583=VECTOR('',#2033,10.);
#584=VECTOR('',#2034,10.);
#585=VECTOR('',#2035,10.);
#586=VECTOR('',#2036,10.);
#587=VECTOR('',#2039,10.);
#588=VECTOR('',#2040,10.);
#589=VECTOR('',#2041,10.);
#590=VECTOR('',#2044,10.);
#591=VECTOR('',#2045,10.);
#592=VECTOR('',#2046,10.);
#593=VECTOR('',#2049,10.);
#594=VECTOR('',#2050,10.);
#595=VECTOR('',#2053,10.);
#596=VECTOR('',#2054,10.);
#597=VECTOR('',#2055,10.);
#598=VECTOR('',#2056,10.);
#599=VECTOR('',#2059,10.);
#600=VECTOR('',#2060,10.);
#601=VECTOR('',#2061,10.);
#602=VECTOR('',#2064,10.);
#603=VECTOR('',#2065,10.);
#604=VECTOR('',#2066,10.);
#605=VECTOR('',#2069,10.);
#606=VECTOR('',#2070,10.);
#607=VECTOR('',#2079,3.50000000000001);
#608=VECTOR('',#2084,10.);
#609=VECTOR('',#2085,10.);
#610=VECTOR('',#2086,10.);
#611=VECTOR('',#2087,10.);
#612=VECTOR('',#2090,10.);
#613=VECTOR('',#2091,10.);
#614=VECTOR('',#2092,10.);
#615=VECTOR('',#2095,10.);
#616=VECTOR('',#2096,10.);
#617=VECTOR('',#2097,10.);
#618=VECTOR('',#2100,10.);
#619=VECTOR('',#2101,10.);
#620=VECTOR('',#2102,10.);
#621=VECTOR('',#2105,10.);
#622=VECTOR('',#2106,10.);
#623=VECTOR('',#2107,10.);
#624=VECTOR('',#2110,10.);
#625=VECTOR('',#2111,10.);
#626=VECTOR('',#2116,10.);
#627=VECTOR('',#2117,10.);
#628=VECTOR('',#2118,10.);
#629=VECTOR('',#2119,10.);
#630=VECTOR('',#2122,10.);
#631=VECTOR('',#2123,10.);
#632=VECTOR('',#2124,10.);
#633=VECTOR('',#2127,10.);
#634=VECTOR('',#2128,10.);
#635=VECTOR('',#2129,10.);
#636=VECTOR('',#2132,10.);
#637=VECTOR('',#2133,10.);
#638=VECTOR('',#2136,10.);
#639=VECTOR('',#2137,10.);
#640=VECTOR('',#2138,10.);
#641=VECTOR('',#2139,10.);
#642=VECTOR('',#2142,10.);
#643=VECTOR('',#2143,10.);
#644=VECTOR('',#2144,10.);
#645=VECTOR('',#2147,10.);
#646=VECTOR('',#2148,10.);
#647=VECTOR('',#2149,10.);
#648=VECTOR('',#2152,10.);
#649=VECTOR('',#2153,10.);
#650=VECTOR('',#2156,10.);
#651=VECTOR('',#2157,10.);
#652=VECTOR('',#2158,10.);
#653=VECTOR('',#2159,10.);
#654=VECTOR('',#2162,10.);
#655=VECTOR('',#2163,10.);
#656=VECTOR('',#2164,10.);
#657=VECTOR('',#2167,10.);
#658=VECTOR('',#2168,10.);
#659=VECTOR('',#2169,10.);
#660=VECTOR('',#2172,10.);
#661=VECTOR('',#2173,10.);
#662=VECTOR('',#2180,10.);
#663=VECTOR('',#2181,10.);
#664=VECTOR('',#2182,10.);
#665=VECTOR('',#2183,10.);
#666=VECTOR('',#2186,10.);
#667=VECTOR('',#2187,10.);
#668=VECTOR('',#2188,10.);
#669=VECTOR('',#2191,10.);
#670=VECTOR('',#2192,10.);
#671=VECTOR('',#2193,10.);
#672=VECTOR('',#2196,10.);
#673=VECTOR('',#2197,10.);
#674=VECTOR('',#2198,10.);
#675=VECTOR('',#2201,10.);
#676=VECTOR('',#2202,10.);
#677=VECTOR('',#2203,10.);
#678=VECTOR('',#2206,10.);
#679=VECTOR('',#2207,10.);
#680=VECTOR('',#2210,10.);
#681=VECTOR('',#2211,10.);
#682=VECTOR('',#2212,10.);
#683=VECTOR('',#2213,10.);
#684=VECTOR('',#2216,10.);
#685=VECTOR('',#2217,10.);
#686=VECTOR('',#2218,10.);
#687=VECTOR('',#2221,10.);
#688=VECTOR('',#2222,10.);
#689=VECTOR('',#2223,10.);
#690=VECTOR('',#2226,10.);
#691=VECTOR('',#2227,10.);
#692=VECTOR('',#2228,10.);
#693=VECTOR('',#2231,10.);
#694=VECTOR('',#2232,10.);
#695=VECTOR('',#2233,10.);
#696=VECTOR('',#2236,10.);
#697=VECTOR('',#2237,10.);
#698=VERTEX_POINT('',#2244);
#699=VERTEX_POINT('',#2245);
#700=VERTEX_POINT('',#2247);
#701=VERTEX_POINT('',#2249);
#702=VERTEX_POINT('',#2253);
#703=VERTEX_POINT('',#2255);
#704=VERTEX_POINT('',#2259);
#705=VERTEX_POINT('',#2261);
#706=VERTEX_POINT('',#2268);
#707=VERTEX_POINT('',#2269);
#708=VERTEX_POINT('',#2271);
#709=VERTEX_POINT('',#2273);
#710=VERTEX_POINT('',#2276);
#711=VERTEX_POINT('',#2277);
#712=VERTEX_POINT('',#2279);
#713=VERTEX_POINT('',#2281);
#714=VERTEX_POINT('',#2285);
#715=VERTEX_POINT('',#2286);
#716=VERTEX_POINT('',#2288);
#717=VERTEX_POINT('',#2290);
#718=VERTEX_POINT('',#2293);
#719=VERTEX_POINT('',#2294);
#720=VERTEX_POINT('',#2296);
#721=VERTEX_POINT('',#2298);
#722=VERTEX_POINT('',#2318);
#723=VERTEX_POINT('',#2319);
#724=VERTEX_POINT('',#2321);
#725=VERTEX_POINT('',#2323);
#726=VERTEX_POINT('',#2327);
#727=VERTEX_POINT('',#2329);
#728=VERTEX_POINT('',#2333);
#729=VERTEX_POINT('',#2335);
#730=VERTEX_POINT('',#2342);
#731=VERTEX_POINT('',#2343);
#732=VERTEX_POINT('',#2345);
#733=VERTEX_POINT('',#2347);
#734=VERTEX_POINT('',#2351);
#735=VERTEX_POINT('',#2353);
#736=VERTEX_POINT('',#2357);
#737=VERTEX_POINT('',#2359);
#738=VERTEX_POINT('',#2368);
#739=VERTEX_POINT('',#2370);
#740=VERTEX_POINT('',#2375);
#741=VERTEX_POINT('',#2377);
#742=VERTEX_POINT('',#2382);
#743=VERTEX_POINT('',#2384);
#744=VERTEX_POINT('',#2389);
#745=VERTEX_POINT('',#2391);
#746=VERTEX_POINT('',#2396);
#747=VERTEX_POINT('',#2398);
#748=VERTEX_POINT('',#2403);
#749=VERTEX_POINT('',#2405);
#750=VERTEX_POINT('',#2410);
#751=VERTEX_POINT('',#2412);
#752=VERTEX_POINT('',#2417);
#753=VERTEX_POINT('',#2419);
#754=VERTEX_POINT('',#2424);
#755=VERTEX_POINT('',#2426);
#756=VERTEX_POINT('',#2431);
#757=VERTEX_POINT('',#2433);
#758=VERTEX_POINT('',#2438);
#759=VERTEX_POINT('',#2439);
#760=VERTEX_POINT('',#2441);
#761=VERTEX_POINT('',#2443);
#762=VERTEX_POINT('',#2447);
#763=VERTEX_POINT('',#2449);
#764=VERTEX_POINT('',#2453);
#765=VERTEX_POINT('',#2455);
#766=VERTEX_POINT('',#2464);
#767=VERTEX_POINT('',#2465);
#768=VERTEX_POINT('',#2467);
#769=VERTEX_POINT('',#2469);
#770=VERTEX_POINT('',#2473);
#771=VERTEX_POINT('',#2475);
#772=VERTEX_POINT('',#2479);
#773=VERTEX_POINT('',#2481);
#774=VERTEX_POINT('',#2488);
#775=VERTEX_POINT('',#2489);
#776=VERTEX_POINT('',#2491);
#777=VERTEX_POINT('',#2493);
#778=VERTEX_POINT('',#2497);
#779=VERTEX_POINT('',#2499);
#780=VERTEX_POINT('',#2503);
#781=VERTEX_POINT('',#2505);
#782=VERTEX_POINT('',#2514);
#783=VERTEX_POINT('',#2516);
#784=VERTEX_POINT('',#2520);
#785=VERTEX_POINT('',#2521);
#786=VERTEX_POINT('',#2523);
#787=VERTEX_POINT('',#2525);
#788=VERTEX_POINT('',#2529);
#789=VERTEX_POINT('',#2531);
#790=VERTEX_POINT('',#2535);
#791=VERTEX_POINT('',#2537);
#792=VERTEX_POINT('',#2541);
#793=VERTEX_POINT('',#2543);
#794=VERTEX_POINT('',#2547);
#795=VERTEX_POINT('',#2549);
#796=VERTEX_POINT('',#2557);
#797=VERTEX_POINT('',#2558);
#798=VERTEX_POINT('',#2560);
#799=VERTEX_POINT('',#2562);
#800=VERTEX_POINT('',#2566);
#801=VERTEX_POINT('',#2568);
#802=VERTEX_POINT('',#2572);
#803=VERTEX_POINT('',#2574);
#804=VERTEX_POINT('',#2581);
#805=VERTEX_POINT('',#2582);
#806=VERTEX_POINT('',#2584);
#807=VERTEX_POINT('',#2586);
#808=VERTEX_POINT('',#2590);
#809=VERTEX_POINT('',#2592);
#810=VERTEX_POINT('',#2596);
#811=VERTEX_POINT('',#2598);
#812=VERTEX_POINT('',#2605);
#813=VERTEX_POINT('',#2606);
#814=VERTEX_POINT('',#2608);
#815=VERTEX_POINT('',#2610);
#816=VERTEX_POINT('',#2614);
#817=VERTEX_POINT('',#2616);
#818=VERTEX_POINT('',#2620);
#819=VERTEX_POINT('',#2622);
#820=VERTEX_POINT('',#2631);
#821=VERTEX_POINT('',#2632);
#822=VERTEX_POINT('',#2634);
#823=VERTEX_POINT('',#2636);
#824=VERTEX_POINT('',#2640);
#825=VERTEX_POINT('',#2642);
#826=VERTEX_POINT('',#2646);
#827=VERTEX_POINT('',#2648);
#828=VERTEX_POINT('',#2652);
#829=VERTEX_POINT('',#2654);
#830=VERTEX_POINT('',#2658);
#831=VERTEX_POINT('',#2660);
#832=VERTEX_POINT('',#2667);
#833=VERTEX_POINT('',#2668);
#834=VERTEX_POINT('',#2670);
#835=VERTEX_POINT('',#2672);
#836=VERTEX_POINT('',#2676);
#837=VERTEX_POINT('',#2678);
#838=VERTEX_POINT('',#2682);
#839=VERTEX_POINT('',#2684);
#840=VERTEX_POINT('',#2688);
#841=VERTEX_POINT('',#2690);
#842=VERTEX_POINT('',#2694);
#843=VERTEX_POINT('',#2696);
#844=EDGE_CURVE('',#698,#699,#304,.T.);
#845=EDGE_CURVE('',#700,#698,#305,.T.);
#846=EDGE_CURVE('',#701,#700,#306,.T.);
#847=EDGE_CURVE('',#701,#699,#307,.T.);
#848=EDGE_CURVE('',#699,#702,#308,.T.);
#849=EDGE_CURVE('',#703,#701,#309,.T.);
#850=EDGE_CURVE('',#703,#702,#310,.T.);
#851=EDGE_CURVE('',#702,#704,#311,.T.);
#852=EDGE_CURVE('',#705,#703,#312,.T.);
#853=EDGE_CURVE('',#705,#704,#313,.T.);
#854=EDGE_CURVE('',#704,#698,#314,.T.);
#855=EDGE_CURVE('',#700,#705,#315,.T.);
#856=EDGE_CURVE('',#706,#707,#316,.T.);
#857=EDGE_CURVE('',#707,#708,#317,.T.);
#858=EDGE_CURVE('',#708,#709,#318,.T.);
#859=EDGE_CURVE('',#709,#706,#319,.T.);
#860=EDGE_CURVE('',#710,#711,#320,.T.);
#861=EDGE_CURVE('',#711,#712,#321,.T.);
#862=EDGE_CURVE('',#712,#713,#322,.T.);
#863=EDGE_CURVE('',#713,#710,#323,.T.);
#864=EDGE_CURVE('',#714,#715,#324,.T.);
#865=EDGE_CURVE('',#715,#716,#325,.T.);
#866=EDGE_CURVE('',#716,#717,#326,.T.);
#867=EDGE_CURVE('',#717,#714,#327,.T.);
#868=EDGE_CURVE('',#718,#719,#328,.T.);
#869=EDGE_CURVE('',#719,#720,#329,.T.);
#870=EDGE_CURVE('',#720,#721,#330,.T.);
#871=EDGE_CURVE('',#721,#718,#331,.T.);
#872=EDGE_CURVE('',#710,#719,#332,.T.);
#873=EDGE_CURVE('',#720,#713,#333,.T.);
#874=EDGE_CURVE('',#721,#712,#334,.T.);
#875=EDGE_CURVE('',#718,#711,#335,.T.);
#876=EDGE_CURVE('',#706,#715,#336,.T.);
#877=EDGE_CURVE('',#716,#709,#337,.T.);
#878=EDGE_CURVE('',#717,#708,#338,.T.);
#879=EDGE_CURVE('',#714,#707,#339,.T.);
#880=EDGE_CURVE('',#722,#723,#340,.T.);
#881=EDGE_CURVE('',#723,#724,#341,.T.);
#882=EDGE_CURVE('',#725,#724,#342,.T.);
#883=EDGE_CURVE('',#722,#725,#343,.T.);
#884=EDGE_CURVE('',#726,#722,#344,.T.);
#885=EDGE_CURVE('',#727,#725,#345,.T.);
#886=EDGE_CURVE('',#726,#727,#346,.T.);
#887=EDGE_CURVE('',#728,#726,#347,.T.);
#888=EDGE_CURVE('',#729,#727,#348,.T.);
#889=EDGE_CURVE('',#728,#729,#349,.T.);
#890=EDGE_CURVE('',#723,#728,#350,.T.);
#891=EDGE_CURVE('',#724,#729,#351,.T.);
#892=EDGE_CURVE('',#730,#731,#352,.T.);
#893=EDGE_CURVE('',#731,#732,#353,.T.);
#894=EDGE_CURVE('',#733,#732,#354,.T.);
#895=EDGE_CURVE('',#730,#733,#355,.T.);
#896=EDGE_CURVE('',#734,#730,#356,.T.);
#897=EDGE_CURVE('',#735,#733,#357,.T.);
#898=EDGE_CURVE('',#734,#735,#358,.T.);
#899=EDGE_CURVE('',#736,#734,#359,.T.);
#900=EDGE_CURVE('',#737,#735,#360,.T.);
#901=EDGE_CURVE('',#736,#737,#361,.T.);
#902=EDGE_CURVE('',#731,#736,#362,.T.);
#903=EDGE_CURVE('',#732,#737,#363,.T.);
#904=EDGE_CURVE('',#738,#738,#13,.T.);
#905=EDGE_CURVE('',#738,#739,#364,.T.);
#906=EDGE_CURVE('',#739,#739,#14,.T.);
#907=EDGE_CURVE('',#740,#740,#15,.T.);
#908=EDGE_CURVE('',#740,#741,#365,.T.);
#909=EDGE_CURVE('',#741,#741,#16,.T.);
#910=EDGE_CURVE('',#742,#742,#17,.T.);
#911=EDGE_CURVE('',#742,#743,#366,.T.);
#912=EDGE_CURVE('',#743,#743,#18,.T.);
#913=EDGE_CURVE('',#744,#744,#19,.T.);
#914=EDGE_CURVE('',#744,#745,#367,.T.);
#915=EDGE_CURVE('',#745,#745,#20,.T.);
#916=EDGE_CURVE('',#746,#746,#21,.T.);
#917=EDGE_CURVE('',#746,#747,#368,.T.);
#918=EDGE_CURVE('',#747,#747,#22,.T.);
#919=EDGE_CURVE('',#748,#748,#23,.T.);
#920=EDGE_CURVE('',#748,#749,#369,.T.);
#921=EDGE_CURVE('',#749,#749,#24,.T.);
#922=EDGE_CURVE('',#750,#750,#25,.T.);
#923=EDGE_CURVE('',#750,#751,#370,.T.);
#924=EDGE_CURVE('',#751,#751,#26,.T.);
#925=EDGE_CURVE('',#752,#752,#27,.T.);
#926=EDGE_CURVE('',#752,#753,#371,.T.);
#927=EDGE_CURVE('',#753,#753,#28,.T.);
#928=EDGE_CURVE('',#754,#754,#29,.T.);
#929=EDGE_CURVE('',#754,#755,#372,.T.);
#930=EDGE_CURVE('',#755,#755,#30,.T.);
#931=EDGE_CURVE('',#756,#756,#31,.T.);
#932=EDGE_CURVE('',#756,#757,#373,.T.);
#933=EDGE_CURVE('',#757,#757,#32,.T.);
#934=EDGE_CURVE('',#758,#759,#374,.T.);
#935=EDGE_CURVE('',#758,#760,#375,.T.);
#936=EDGE_CURVE('',#761,#760,#376,.T.);
#937=EDGE_CURVE('',#759,#761,#377,.T.);
#938=EDGE_CURVE('',#759,#762,#378,.T.);
#939=EDGE_CURVE('',#763,#761,#379,.T.);
#940=EDGE_CURVE('',#762,#763,#380,.T.);
#941=EDGE_CURVE('',#764,#762,#381,.T.);
#942=EDGE_CURVE('',#765,#763,#382,.T.);
#943=EDGE_CURVE('',#764,#765,#383,.T.);
#944=EDGE_CURVE('',#758,#764,#384,.T.);
#945=EDGE_CURVE('',#760,#765,#385,.T.);
#946=EDGE_CURVE('',#766,#767,#386,.T.);
#947=EDGE_CURVE('',#767,#768,#387,.T.);
#948=EDGE_CURVE('',#769,#768,#388,.T.);
#949=EDGE_CURVE('',#766,#769,#389,.T.);
#950=EDGE_CURVE('',#770,#766,#390,.T.);
#951=EDGE_CURVE('',#771,#769,#391,.T.);
#952=EDGE_CURVE('',#770,#771,#392,.T.);
#953=EDGE_CURVE('',#772,#770,#393,.T.);
#954=EDGE_CURVE('',#773,#771,#394,.T.);
#955=EDGE_CURVE('',#772,#773,#395,.T.);
#956=EDGE_CURVE('',#767,#772,#396,.T.);
#957=EDGE_CURVE('',#768,#773,#397,.T.);
#958=EDGE_CURVE('',#774,#775,#398,.T.);
#959=EDGE_CURVE('',#775,#776,#399,.T.);
#960=EDGE_CURVE('',#777,#776,#400,.T.);
#961=EDGE_CURVE('',#774,#777,#401,.T.);
#962=EDGE_CURVE('',#778,#774,#402,.T.);
#963=EDGE_CURVE('',#779,#777,#403,.T.);
#964=EDGE_CURVE('',#778,#779,#404,.T.);
#965=EDGE_CURVE('',#780,#778,#405,.T.);
#966=EDGE_CURVE('',#781,#779,#406,.T.);
#967=EDGE_CURVE('',#780,#781,#407,.T.);
#968=EDGE_CURVE('',#775,#780,#408,.T.);
#969=EDGE_CURVE('',#776,#781,#409,.T.);
#970=EDGE_CURVE('',#782,#782,#33,.T.);
#971=EDGE_CURVE('',#782,#783,#410,.T.);
#972=EDGE_CURVE('',#783,#783,#34,.T.);
#973=EDGE_CURVE('',#784,#785,#411,.T.);
#974=EDGE_CURVE('',#784,#786,#412,.T.);
#975=EDGE_CURVE('',#787,#786,#413,.T.);
#976=EDGE_CURVE('',#785,#787,#414,.T.);
#977=EDGE_CURVE('',#785,#788,#415,.T.);
#978=EDGE_CURVE('',#789,#787,#416,.T.);
#979=EDGE_CURVE('',#788,#789,#417,.T.);
#980=EDGE_CURVE('',#788,#790,#418,.T.);
#981=EDGE_CURVE('',#791,#789,#419,.T.);
#982=EDGE_CURVE('',#790,#791,#420,.T.);
#983=EDGE_CURVE('',#790,#792,#421,.T.);
#984=EDGE_CURVE('',#793,#791,#422,.T.);
#985=EDGE_CURVE('',#792,#793,#423,.T.);
#986=EDGE_CURVE('',#792,#794,#424,.T.);
#987=EDGE_CURVE('',#795,#793,#425,.T.);
#988=EDGE_CURVE('',#794,#795,#426,.T.);
#989=EDGE_CURVE('',#794,#784,#427,.T.);
#990=EDGE_CURVE('',#786,#795,#428,.T.);
#991=EDGE_CURVE('',#796,#797,#429,.T.);
#992=EDGE_CURVE('',#798,#796,#430,.T.);
#993=EDGE_CURVE('',#799,#798,#431,.T.);
#994=EDGE_CURVE('',#799,#797,#432,.T.);
#995=EDGE_CURVE('',#797,#800,#433,.T.);
#996=EDGE_CURVE('',#801,#799,#434,.T.);
#997=EDGE_CURVE('',#801,#800,#435,.T.);
#998=EDGE_CURVE('',#800,#802,#436,.T.);
#999=EDGE_CURVE('',#803,#801,#437,.T.);
#1000=EDGE_CURVE('',#803,#802,#438,.T.);
#1001=EDGE_CURVE('',#802,#796,#439,.T.);
#1002=EDGE_CURVE('',#798,#803,#440,.T.);
#1003=EDGE_CURVE('',#804,#805,#441,.T.);
#1004=EDGE_CURVE('',#806,#804,#442,.T.);
#1005=EDGE_CURVE('',#807,#806,#443,.T.);
#1006=EDGE_CURVE('',#807,#805,#444,.T.);
#1007=EDGE_CURVE('',#805,#808,#445,.T.);
#1008=EDGE_CURVE('',#809,#807,#446,.T.);
#1009=EDGE_CURVE('',#809,#808,#447,.T.);
#1010=EDGE_CURVE('',#808,#810,#448,.T.);
#1011=EDGE_CURVE('',#811,#809,#449,.T.);
#1012=EDGE_CURVE('',#811,#810,#450,.T.);
#1013=EDGE_CURVE('',#810,#804,#451,.T.);
#1014=EDGE_CURVE('',#806,#811,#452,.T.);
#1015=EDGE_CURVE('',#812,#813,#453,.T.);
#1016=EDGE_CURVE('',#812,#814,#454,.T.);
#1017=EDGE_CURVE('',#815,#814,#455,.T.);
#1018=EDGE_CURVE('',#813,#815,#456,.T.);
#1019=EDGE_CURVE('',#813,#816,#457,.T.);
#1020=EDGE_CURVE('',#817,#815,#458,.T.);
#1021=EDGE_CURVE('',#816,#817,#459,.T.);
#1022=EDGE_CURVE('',#818,#816,#460,.T.);
#1023=EDGE_CURVE('',#819,#817,#461,.T.);
#1024=EDGE_CURVE('',#818,#819,#462,.T.);
#1025=EDGE_CURVE('',#812,#818,#463,.T.);
#1026=EDGE_CURVE('',#814,#819,#464,.T.);
#1027=EDGE_CURVE('',#820,#821,#465,.T.);
#1028=EDGE_CURVE('',#821,#822,#466,.T.);
#1029=EDGE_CURVE('',#823,#822,#467,.T.);
#1030=EDGE_CURVE('',#820,#823,#468,.T.);
#1031=EDGE_CURVE('',#824,#820,#469,.T.);
#1032=EDGE_CURVE('',#825,#823,#470,.T.);
#1033=EDGE_CURVE('',#824,#825,#471,.T.);
#1034=EDGE_CURVE('',#826,#824,#472,.T.);
#1035=EDGE_CURVE('',#827,#825,#473,.T.);
#1036=EDGE_CURVE('',#826,#827,#474,.T.);
#1037=EDGE_CURVE('',#828,#826,#475,.T.);
#1038=EDGE_CURVE('',#829,#827,#476,.T.);
#1039=EDGE_CURVE('',#828,#829,#477,.T.);
#1040=EDGE_CURVE('',#830,#828,#478,.T.);
#1041=EDGE_CURVE('',#831,#829,#479,.T.);
#1042=EDGE_CURVE('',#830,#831,#480,.T.);
#1043=EDGE_CURVE('',#821,#830,#481,.T.);
#1044=EDGE_CURVE('',#822,#831,#482,.T.);
#1045=EDGE_CURVE('',#832,#833,#483,.T.);
#1046=EDGE_CURVE('',#832,#834,#484,.T.);
#1047=EDGE_CURVE('',#835,#834,#485,.T.);
#1048=EDGE_CURVE('',#833,#835,#486,.T.);
#1049=EDGE_CURVE('',#833,#836,#487,.T.);
#1050=EDGE_CURVE('',#837,#835,#488,.T.);
#1051=EDGE_CURVE('',#836,#837,#489,.T.);
#1052=EDGE_CURVE('',#836,#838,#490,.T.);
#1053=EDGE_CURVE('',#839,#837,#491,.T.);
#1054=EDGE_CURVE('',#838,#839,#492,.T.);
#1055=EDGE_CURVE('',#838,#840,#493,.T.);
#1056=EDGE_CURVE('',#841,#839,#494,.T.);
#1057=EDGE_CURVE('',#840,#841,#495,.T.);
#1058=EDGE_CURVE('',#840,#842,#496,.T.);
#1059=EDGE_CURVE('',#843,#841,#497,.T.);
#1060=EDGE_CURVE('',#842,#843,#498,.T.);
#1061=EDGE_CURVE('',#842,#832,#499,.T.);
#1062=EDGE_CURVE('',#834,#843,#500,.T.);
#1063=ORIENTED_EDGE('',*,*,#844,.F.);
#1064=ORIENTED_EDGE('',*,*,#845,.F.);
#1065=ORIENTED_EDGE('',*,*,#846,.F.);
#1066=ORIENTED_EDGE('',*,*,#847,.T.);
#1067=ORIENTED_EDGE('',*,*,#848,.F.);
#1068=ORIENTED_EDGE('',*,*,#847,.F.);
#1069=ORIENTED_EDGE('',*,*,#849,.F.);
#1070=ORIENTED_EDGE('',*,*,#850,.T.);
#1071=ORIENTED_EDGE('',*,*,#851,.F.);
#1072=ORIENTED_EDGE('',*,*,#850,.F.);
#1073=ORIENTED_EDGE('',*,*,#852,.F.);
#1074=ORIENTED_EDGE('',*,*,#853,.T.);
#1075=ORIENTED_EDGE('',*,*,#854,.F.);
#1076=ORIENTED_EDGE('',*,*,#853,.F.);
#1077=ORIENTED_EDGE('',*,*,#855,.F.);
#1078=ORIENTED_EDGE('',*,*,#845,.T.);
#1079=ORIENTED_EDGE('',*,*,#856,.T.);
#1080=ORIENTED_EDGE('',*,*,#857,.T.);
#1081=ORIENTED_EDGE('',*,*,#858,.T.);
#1082=ORIENTED_EDGE('',*,*,#859,.T.);
#1083=ORIENTED_EDGE('',*,*,#860,.T.);
#1084=ORIENTED_EDGE('',*,*,#861,.T.);
#1085=ORIENTED_EDGE('',*,*,#862,.T.);
#1086=ORIENTED_EDGE('',*,*,#863,.T.);
#1087=ORIENTED_EDGE('',*,*,#864,.T.);
#1088=ORIENTED_EDGE('',*,*,#865,.T.);
#1089=ORIENTED_EDGE('',*,*,#866,.T.);
#1090=ORIENTED_EDGE('',*,*,#867,.T.);
#1091=ORIENTED_EDGE('',*,*,#868,.T.);
#1092=ORIENTED_EDGE('',*,*,#869,.T.);
#1093=ORIENTED_EDGE('',*,*,#870,.T.);
#1094=ORIENTED_EDGE('',*,*,#871,.T.);
#1095=ORIENTED_EDGE('',*,*,#872,.F.);
#1096=ORIENTED_EDGE('',*,*,#863,.F.);
#1097=ORIENTED_EDGE('',*,*,#873,.F.);
#1098=ORIENTED_EDGE('',*,*,#869,.F.);
#1099=ORIENTED_EDGE('',*,*,#873,.T.);
#1100=ORIENTED_EDGE('',*,*,#862,.F.);
#1101=ORIENTED_EDGE('',*,*,#874,.F.);
#1102=ORIENTED_EDGE('',*,*,#870,.F.);
#1103=ORIENTED_EDGE('',*,*,#874,.T.);
#1104=ORIENTED_EDGE('',*,*,#861,.F.);
#1105=ORIENTED_EDGE('',*,*,#875,.F.);
#1106=ORIENTED_EDGE('',*,*,#871,.F.);
#1107=ORIENTED_EDGE('',*,*,#851,.T.);
#1108=ORIENTED_EDGE('',*,*,#854,.T.);
#1109=ORIENTED_EDGE('',*,*,#844,.T.);
#1110=ORIENTED_EDGE('',*,*,#848,.T.);
#1111=ORIENTED_EDGE('',*,*,#875,.T.);
#1112=ORIENTED_EDGE('',*,*,#860,.F.);
#1113=ORIENTED_EDGE('',*,*,#872,.T.);
#1114=ORIENTED_EDGE('',*,*,#868,.F.);
#1115=ORIENTED_EDGE('',*,*,#876,.F.);
#1116=ORIENTED_EDGE('',*,*,#859,.F.);
#1117=ORIENTED_EDGE('',*,*,#877,.F.);
#1118=ORIENTED_EDGE('',*,*,#865,.F.);
#1119=ORIENTED_EDGE('',*,*,#877,.T.);
#1120=ORIENTED_EDGE('',*,*,#858,.F.);
#1121=ORIENTED_EDGE('',*,*,#878,.F.);
#1122=ORIENTED_EDGE('',*,*,#866,.F.);
#1123=ORIENTED_EDGE('',*,*,#878,.T.);
#1124=ORIENTED_EDGE('',*,*,#857,.F.);
#1125=ORIENTED_EDGE('',*,*,#879,.F.);
#1126=ORIENTED_EDGE('',*,*,#867,.F.);
#1127=ORIENTED_EDGE('',*,*,#852,.T.);
#1128=ORIENTED_EDGE('',*,*,#849,.T.);
#1129=ORIENTED_EDGE('',*,*,#846,.T.);
#1130=ORIENTED_EDGE('',*,*,#855,.T.);
#1131=ORIENTED_EDGE('',*,*,#879,.T.);
#1132=ORIENTED_EDGE('',*,*,#856,.F.);
#1133=ORIENTED_EDGE('',*,*,#876,.T.);
#1134=ORIENTED_EDGE('',*,*,#864,.F.);
#1135=ORIENTED_EDGE('',*,*,#880,.T.);
#1136=ORIENTED_EDGE('',*,*,#881,.T.);
#1137=ORIENTED_EDGE('',*,*,#882,.F.);
#1138=ORIENTED_EDGE('',*,*,#883,.F.);
#1139=ORIENTED_EDGE('',*,*,#884,.T.);
#1140=ORIENTED_EDGE('',*,*,#883,.T.);
#1141=ORIENTED_EDGE('',*,*,#885,.F.);
#1142=ORIENTED_EDGE('',*,*,#886,.F.);
#1143=ORIENTED_EDGE('',*,*,#887,.T.);
#1144=ORIENTED_EDGE('',*,*,#886,.T.);
#1145=ORIENTED_EDGE('',*,*,#888,.F.);
#1146=ORIENTED_EDGE('',*,*,#889,.F.);
#1147=ORIENTED_EDGE('',*,*,#890,.T.);
#1148=ORIENTED_EDGE('',*,*,#889,.T.);
#1149=ORIENTED_EDGE('',*,*,#891,.F.);
#1150=ORIENTED_EDGE('',*,*,#881,.F.);
#1151=ORIENTED_EDGE('',*,*,#892,.T.);
#1152=ORIENTED_EDGE('',*,*,#893,.T.);
#1153=ORIENTED_EDGE('',*,*,#894,.F.);
#1154=ORIENTED_EDGE('',*,*,#895,.F.);
#1155=ORIENTED_EDGE('',*,*,#896,.T.);
#1156=ORIENTED_EDGE('',*,*,#895,.T.);
#1157=ORIENTED_EDGE('',*,*,#897,.F.);
#1158=ORIENTED_EDGE('',*,*,#898,.F.);
#1159=ORIENTED_EDGE('',*,*,#899,.T.);
#1160=ORIENTED_EDGE('',*,*,#898,.T.);
#1161=ORIENTED_EDGE('',*,*,#900,.F.);
#1162=ORIENTED_EDGE('',*,*,#901,.F.);
#1163=ORIENTED_EDGE('',*,*,#902,.T.);
#1164=ORIENTED_EDGE('',*,*,#901,.T.);
#1165=ORIENTED_EDGE('',*,*,#903,.F.);
#1166=ORIENTED_EDGE('',*,*,#893,.F.);
#1167=ORIENTED_EDGE('',*,*,#903,.T.);
#1168=ORIENTED_EDGE('',*,*,#900,.T.);
#1169=ORIENTED_EDGE('',*,*,#897,.T.);
#1170=ORIENTED_EDGE('',*,*,#894,.T.);
#1171=ORIENTED_EDGE('',*,*,#891,.T.);
#1172=ORIENTED_EDGE('',*,*,#888,.T.);
#1173=ORIENTED_EDGE('',*,*,#885,.T.);
#1174=ORIENTED_EDGE('',*,*,#882,.T.);
#1175=ORIENTED_EDGE('',*,*,#902,.F.);
#1176=ORIENTED_EDGE('',*,*,#892,.F.);
#1177=ORIENTED_EDGE('',*,*,#896,.F.);
#1178=ORIENTED_EDGE('',*,*,#899,.F.);
#1179=ORIENTED_EDGE('',*,*,#890,.F.);
#1180=ORIENTED_EDGE('',*,*,#880,.F.);
#1181=ORIENTED_EDGE('',*,*,#884,.F.);
#1182=ORIENTED_EDGE('',*,*,#887,.F.);
#1183=ORIENTED_EDGE('',*,*,#904,.F.);
#1184=ORIENTED_EDGE('',*,*,#905,.T.);
#1185=ORIENTED_EDGE('',*,*,#906,.T.);
#1186=ORIENTED_EDGE('',*,*,#905,.F.);
#1187=ORIENTED_EDGE('',*,*,#906,.F.);
#1188=ORIENTED_EDGE('',*,*,#907,.F.);
#1189=ORIENTED_EDGE('',*,*,#908,.T.);
#1190=ORIENTED_EDGE('',*,*,#909,.T.);
#1191=ORIENTED_EDGE('',*,*,#908,.F.);
#1192=ORIENTED_EDGE('',*,*,#909,.F.);
#1193=ORIENTED_EDGE('',*,*,#910,.F.);
#1194=ORIENTED_EDGE('',*,*,#911,.T.);
#1195=ORIENTED_EDGE('',*,*,#912,.T.);
#1196=ORIENTED_EDGE('',*,*,#911,.F.);
#1197=ORIENTED_EDGE('',*,*,#912,.F.);
#1198=ORIENTED_EDGE('',*,*,#913,.F.);
#1199=ORIENTED_EDGE('',*,*,#914,.T.);
#1200=ORIENTED_EDGE('',*,*,#915,.T.);
#1201=ORIENTED_EDGE('',*,*,#914,.F.);
#1202=ORIENTED_EDGE('',*,*,#915,.F.);
#1203=ORIENTED_EDGE('',*,*,#916,.F.);
#1204=ORIENTED_EDGE('',*,*,#917,.T.);
#1205=ORIENTED_EDGE('',*,*,#918,.T.);
#1206=ORIENTED_EDGE('',*,*,#917,.F.);
#1207=ORIENTED_EDGE('',*,*,#918,.F.);
#1208=ORIENTED_EDGE('',*,*,#919,.F.);
#1209=ORIENTED_EDGE('',*,*,#920,.T.);
#1210=ORIENTED_EDGE('',*,*,#921,.F.);
#1211=ORIENTED_EDGE('',*,*,#920,.F.);
#1212=ORIENTED_EDGE('',*,*,#921,.T.);
#1213=ORIENTED_EDGE('',*,*,#913,.T.);
#1214=ORIENTED_EDGE('',*,*,#922,.F.);
#1215=ORIENTED_EDGE('',*,*,#923,.T.);
#1216=ORIENTED_EDGE('',*,*,#924,.F.);
#1217=ORIENTED_EDGE('',*,*,#923,.F.);
#1218=ORIENTED_EDGE('',*,*,#924,.T.);
#1219=ORIENTED_EDGE('',*,*,#916,.T.);
#1220=ORIENTED_EDGE('',*,*,#925,.F.);
#1221=ORIENTED_EDGE('',*,*,#926,.T.);
#1222=ORIENTED_EDGE('',*,*,#927,.F.);
#1223=ORIENTED_EDGE('',*,*,#926,.F.);
#1224=ORIENTED_EDGE('',*,*,#927,.T.);
#1225=ORIENTED_EDGE('',*,*,#907,.T.);
#1226=ORIENTED_EDGE('',*,*,#928,.F.);
#1227=ORIENTED_EDGE('',*,*,#929,.T.);
#1228=ORIENTED_EDGE('',*,*,#930,.F.);
#1229=ORIENTED_EDGE('',*,*,#929,.F.);
#1230=ORIENTED_EDGE('',*,*,#930,.T.);
#1231=ORIENTED_EDGE('',*,*,#910,.T.);
#1232=ORIENTED_EDGE('',*,*,#931,.F.);
#1233=ORIENTED_EDGE('',*,*,#932,.T.);
#1234=ORIENTED_EDGE('',*,*,#933,.F.);
#1235=ORIENTED_EDGE('',*,*,#932,.F.);
#1236=ORIENTED_EDGE('',*,*,#933,.T.);
#1237=ORIENTED_EDGE('',*,*,#904,.T.);
#1238=ORIENTED_EDGE('',*,*,#934,.F.);
#1239=ORIENTED_EDGE('',*,*,#935,.T.);
#1240=ORIENTED_EDGE('',*,*,#936,.F.);
#1241=ORIENTED_EDGE('',*,*,#937,.F.);
#1242=ORIENTED_EDGE('',*,*,#938,.F.);
#1243=ORIENTED_EDGE('',*,*,#937,.T.);
#1244=ORIENTED_EDGE('',*,*,#939,.F.);
#1245=ORIENTED_EDGE('',*,*,#940,.F.);
#1246=ORIENTED_EDGE('',*,*,#941,.T.);
#1247=ORIENTED_EDGE('',*,*,#940,.T.);
#1248=ORIENTED_EDGE('',*,*,#942,.F.);
#1249=ORIENTED_EDGE('',*,*,#943,.F.);
#1250=ORIENTED_EDGE('',*,*,#944,.T.);
#1251=ORIENTED_EDGE('',*,*,#943,.T.);
#1252=ORIENTED_EDGE('',*,*,#945,.F.);
#1253=ORIENTED_EDGE('',*,*,#935,.F.);
#1254=ORIENTED_EDGE('',*,*,#919,.T.);
#1255=ORIENTED_EDGE('',*,*,#922,.T.);
#1256=ORIENTED_EDGE('',*,*,#925,.T.);
#1257=ORIENTED_EDGE('',*,*,#928,.T.);
#1258=ORIENTED_EDGE('',*,*,#931,.T.);
#1259=ORIENTED_EDGE('',*,*,#945,.T.);
#1260=ORIENTED_EDGE('',*,*,#942,.T.);
#1261=ORIENTED_EDGE('',*,*,#939,.T.);
#1262=ORIENTED_EDGE('',*,*,#936,.T.);
#1263=ORIENTED_EDGE('',*,*,#944,.F.);
#1264=ORIENTED_EDGE('',*,*,#934,.T.);
#1265=ORIENTED_EDGE('',*,*,#938,.T.);
#1266=ORIENTED_EDGE('',*,*,#941,.F.);
#1267=ORIENTED_EDGE('',*,*,#946,.T.);
#1268=ORIENTED_EDGE('',*,*,#947,.T.);
#1269=ORIENTED_EDGE('',*,*,#948,.F.);
#1270=ORIENTED_EDGE('',*,*,#949,.F.);
#1271=ORIENTED_EDGE('',*,*,#950,.T.);
#1272=ORIENTED_EDGE('',*,*,#949,.T.);
#1273=ORIENTED_EDGE('',*,*,#951,.F.);
#1274=ORIENTED_EDGE('',*,*,#952,.F.);
#1275=ORIENTED_EDGE('',*,*,#953,.T.);
#1276=ORIENTED_EDGE('',*,*,#952,.T.);
#1277=ORIENTED_EDGE('',*,*,#954,.F.);
#1278=ORIENTED_EDGE('',*,*,#955,.F.);
#1279=ORIENTED_EDGE('',*,*,#956,.T.);
#1280=ORIENTED_EDGE('',*,*,#955,.T.);
#1281=ORIENTED_EDGE('',*,*,#957,.F.);
#1282=ORIENTED_EDGE('',*,*,#947,.F.);
#1283=ORIENTED_EDGE('',*,*,#958,.T.);
#1284=ORIENTED_EDGE('',*,*,#959,.T.);
#1285=ORIENTED_EDGE('',*,*,#960,.F.);
#1286=ORIENTED_EDGE('',*,*,#961,.F.);
#1287=ORIENTED_EDGE('',*,*,#962,.T.);
#1288=ORIENTED_EDGE('',*,*,#961,.T.);
#1289=ORIENTED_EDGE('',*,*,#963,.F.);
#1290=ORIENTED_EDGE('',*,*,#964,.F.);
#1291=ORIENTED_EDGE('',*,*,#965,.T.);
#1292=ORIENTED_EDGE('',*,*,#964,.T.);
#1293=ORIENTED_EDGE('',*,*,#966,.F.);
#1294=ORIENTED_EDGE('',*,*,#967,.F.);
#1295=ORIENTED_EDGE('',*,*,#968,.T.);
#1296=ORIENTED_EDGE('',*,*,#967,.T.);
#1297=ORIENTED_EDGE('',*,*,#969,.F.);
#1298=ORIENTED_EDGE('',*,*,#959,.F.);
#1299=ORIENTED_EDGE('',*,*,#969,.T.);
#1300=ORIENTED_EDGE('',*,*,#966,.T.);
#1301=ORIENTED_EDGE('',*,*,#963,.T.);
#1302=ORIENTED_EDGE('',*,*,#960,.T.);
#1303=ORIENTED_EDGE('',*,*,#957,.T.);
#1304=ORIENTED_EDGE('',*,*,#954,.T.);
#1305=ORIENTED_EDGE('',*,*,#951,.T.);
#1306=ORIENTED_EDGE('',*,*,#948,.T.);
#1307=ORIENTED_EDGE('',*,*,#968,.F.);
#1308=ORIENTED_EDGE('',*,*,#958,.F.);
#1309=ORIENTED_EDGE('',*,*,#962,.F.);
#1310=ORIENTED_EDGE('',*,*,#965,.F.);
#1311=ORIENTED_EDGE('',*,*,#956,.F.);
#1312=ORIENTED_EDGE('',*,*,#946,.F.);
#1313=ORIENTED_EDGE('',*,*,#950,.F.);
#1314=ORIENTED_EDGE('',*,*,#953,.F.);
#1315=ORIENTED_EDGE('',*,*,#970,.F.);
#1316=ORIENTED_EDGE('',*,*,#971,.T.);
#1317=ORIENTED_EDGE('',*,*,#972,.F.);
#1318=ORIENTED_EDGE('',*,*,#971,.F.);
#1319=ORIENTED_EDGE('',*,*,#973,.F.);
#1320=ORIENTED_EDGE('',*,*,#974,.T.);
#1321=ORIENTED_EDGE('',*,*,#975,.F.);
#1322=ORIENTED_EDGE('',*,*,#976,.F.);
#1323=ORIENTED_EDGE('',*,*,#977,.F.);
#1324=ORIENTED_EDGE('',*,*,#976,.T.);
#1325=ORIENTED_EDGE('',*,*,#978,.F.);
#1326=ORIENTED_EDGE('',*,*,#979,.F.);
#1327=ORIENTED_EDGE('',*,*,#980,.F.);
#1328=ORIENTED_EDGE('',*,*,#979,.T.);
#1329=ORIENTED_EDGE('',*,*,#981,.F.);
#1330=ORIENTED_EDGE('',*,*,#982,.F.);
#1331=ORIENTED_EDGE('',*,*,#983,.F.);
#1332=ORIENTED_EDGE('',*,*,#982,.T.);
#1333=ORIENTED_EDGE('',*,*,#984,.F.);
#1334=ORIENTED_EDGE('',*,*,#985,.F.);
#1335=ORIENTED_EDGE('',*,*,#986,.F.);
#1336=ORIENTED_EDGE('',*,*,#985,.T.);
#1337=ORIENTED_EDGE('',*,*,#987,.F.);
#1338=ORIENTED_EDGE('',*,*,#988,.F.);
#1339=ORIENTED_EDGE('',*,*,#989,.F.);
#1340=ORIENTED_EDGE('',*,*,#988,.T.);
#1341=ORIENTED_EDGE('',*,*,#990,.F.);
#1342=ORIENTED_EDGE('',*,*,#974,.F.);
#1343=ORIENTED_EDGE('',*,*,#990,.T.);
#1344=ORIENTED_EDGE('',*,*,#987,.T.);
#1345=ORIENTED_EDGE('',*,*,#984,.T.);
#1346=ORIENTED_EDGE('',*,*,#981,.T.);
#1347=ORIENTED_EDGE('',*,*,#978,.T.);
#1348=ORIENTED_EDGE('',*,*,#975,.T.);
#1349=ORIENTED_EDGE('',*,*,#991,.F.);
#1350=ORIENTED_EDGE('',*,*,#992,.F.);
#1351=ORIENTED_EDGE('',*,*,#993,.F.);
#1352=ORIENTED_EDGE('',*,*,#994,.T.);
#1353=ORIENTED_EDGE('',*,*,#995,.F.);
#1354=ORIENTED_EDGE('',*,*,#994,.F.);
#1355=ORIENTED_EDGE('',*,*,#996,.F.);
#1356=ORIENTED_EDGE('',*,*,#997,.T.);
#1357=ORIENTED_EDGE('',*,*,#998,.F.);
#1358=ORIENTED_EDGE('',*,*,#997,.F.);
#1359=ORIENTED_EDGE('',*,*,#999,.F.);
#1360=ORIENTED_EDGE('',*,*,#1000,.T.);
#1361=ORIENTED_EDGE('',*,*,#1001,.F.);
#1362=ORIENTED_EDGE('',*,*,#1000,.F.);
#1363=ORIENTED_EDGE('',*,*,#1002,.F.);
#1364=ORIENTED_EDGE('',*,*,#992,.T.);
#1365=ORIENTED_EDGE('',*,*,#1003,.F.);
#1366=ORIENTED_EDGE('',*,*,#1004,.F.);
#1367=ORIENTED_EDGE('',*,*,#1005,.F.);
#1368=ORIENTED_EDGE('',*,*,#1006,.T.);
#1369=ORIENTED_EDGE('',*,*,#1007,.F.);
#1370=ORIENTED_EDGE('',*,*,#1006,.F.);
#1371=ORIENTED_EDGE('',*,*,#1008,.F.);
#1372=ORIENTED_EDGE('',*,*,#1009,.T.);
#1373=ORIENTED_EDGE('',*,*,#1010,.F.);
#1374=ORIENTED_EDGE('',*,*,#1009,.F.);
#1375=ORIENTED_EDGE('',*,*,#1011,.F.);
#1376=ORIENTED_EDGE('',*,*,#1012,.T.);
#1377=ORIENTED_EDGE('',*,*,#1013,.F.);
#1378=ORIENTED_EDGE('',*,*,#1012,.F.);
#1379=ORIENTED_EDGE('',*,*,#1014,.F.);
#1380=ORIENTED_EDGE('',*,*,#1004,.T.);
#1381=ORIENTED_EDGE('',*,*,#1015,.F.);
#1382=ORIENTED_EDGE('',*,*,#1016,.T.);
#1383=ORIENTED_EDGE('',*,*,#1017,.F.);
#1384=ORIENTED_EDGE('',*,*,#1018,.F.);
#1385=ORIENTED_EDGE('',*,*,#1019,.F.);
#1386=ORIENTED_EDGE('',*,*,#1018,.T.);
#1387=ORIENTED_EDGE('',*,*,#1020,.F.);
#1388=ORIENTED_EDGE('',*,*,#1021,.F.);
#1389=ORIENTED_EDGE('',*,*,#970,.T.);
#1390=ORIENTED_EDGE('',*,*,#973,.T.);
#1391=ORIENTED_EDGE('',*,*,#977,.T.);
#1392=ORIENTED_EDGE('',*,*,#980,.T.);
#1393=ORIENTED_EDGE('',*,*,#983,.T.);
#1394=ORIENTED_EDGE('',*,*,#986,.T.);
#1395=ORIENTED_EDGE('',*,*,#989,.T.);
#1396=ORIENTED_EDGE('',*,*,#999,.T.);
#1397=ORIENTED_EDGE('',*,*,#996,.T.);
#1398=ORIENTED_EDGE('',*,*,#993,.T.);
#1399=ORIENTED_EDGE('',*,*,#1002,.T.);
#1400=ORIENTED_EDGE('',*,*,#1011,.T.);
#1401=ORIENTED_EDGE('',*,*,#1008,.T.);
#1402=ORIENTED_EDGE('',*,*,#1005,.T.);
#1403=ORIENTED_EDGE('',*,*,#1014,.T.);
#1404=ORIENTED_EDGE('',*,*,#1022,.T.);
#1405=ORIENTED_EDGE('',*,*,#1021,.T.);
#1406=ORIENTED_EDGE('',*,*,#1023,.F.);
#1407=ORIENTED_EDGE('',*,*,#1024,.F.);
#1408=ORIENTED_EDGE('',*,*,#1025,.T.);
#1409=ORIENTED_EDGE('',*,*,#1024,.T.);
#1410=ORIENTED_EDGE('',*,*,#1026,.F.);
#1411=ORIENTED_EDGE('',*,*,#1016,.F.);
#1412=ORIENTED_EDGE('',*,*,#972,.T.);
#1413=ORIENTED_EDGE('',*,*,#998,.T.);
#1414=ORIENTED_EDGE('',*,*,#1001,.T.);
#1415=ORIENTED_EDGE('',*,*,#991,.T.);
#1416=ORIENTED_EDGE('',*,*,#995,.T.);
#1417=ORIENTED_EDGE('',*,*,#1010,.T.);
#1418=ORIENTED_EDGE('',*,*,#1013,.T.);
#1419=ORIENTED_EDGE('',*,*,#1003,.T.);
#1420=ORIENTED_EDGE('',*,*,#1007,.T.);
#1421=ORIENTED_EDGE('',*,*,#1026,.T.);
#1422=ORIENTED_EDGE('',*,*,#1023,.T.);
#1423=ORIENTED_EDGE('',*,*,#1020,.T.);
#1424=ORIENTED_EDGE('',*,*,#1017,.T.);
#1425=ORIENTED_EDGE('',*,*,#1025,.F.);
#1426=ORIENTED_EDGE('',*,*,#1015,.T.);
#1427=ORIENTED_EDGE('',*,*,#1019,.T.);
#1428=ORIENTED_EDGE('',*,*,#1022,.F.);
#1429=ORIENTED_EDGE('',*,*,#1027,.T.);
#1430=ORIENTED_EDGE('',*,*,#1028,.T.);
#1431=ORIENTED_EDGE('',*,*,#1029,.F.);
#1432=ORIENTED_EDGE('',*,*,#1030,.F.);
#1433=ORIENTED_EDGE('',*,*,#1031,.T.);
#1434=ORIENTED_EDGE('',*,*,#1030,.T.);
#1435=ORIENTED_EDGE('',*,*,#1032,.F.);
#1436=ORIENTED_EDGE('',*,*,#1033,.F.);
#1437=ORIENTED_EDGE('',*,*,#1034,.T.);
#1438=ORIENTED_EDGE('',*,*,#1033,.T.);
#1439=ORIENTED_EDGE('',*,*,#1035,.F.);
#1440=ORIENTED_EDGE('',*,*,#1036,.F.);
#1441=ORIENTED_EDGE('',*,*,#1037,.T.);
#1442=ORIENTED_EDGE('',*,*,#1036,.T.);
#1443=ORIENTED_EDGE('',*,*,#1038,.F.);
#1444=ORIENTED_EDGE('',*,*,#1039,.F.);
#1445=ORIENTED_EDGE('',*,*,#1040,.T.);
#1446=ORIENTED_EDGE('',*,*,#1039,.T.);
#1447=ORIENTED_EDGE('',*,*,#1041,.F.);
#1448=ORIENTED_EDGE('',*,*,#1042,.F.);
#1449=ORIENTED_EDGE('',*,*,#1043,.T.);
#1450=ORIENTED_EDGE('',*,*,#1042,.T.);
#1451=ORIENTED_EDGE('',*,*,#1044,.F.);
#1452=ORIENTED_EDGE('',*,*,#1028,.F.);
#1453=ORIENTED_EDGE('',*,*,#1045,.F.);
#1454=ORIENTED_EDGE('',*,*,#1046,.T.);
#1455=ORIENTED_EDGE('',*,*,#1047,.F.);
#1456=ORIENTED_EDGE('',*,*,#1048,.F.);
#1457=ORIENTED_EDGE('',*,*,#1049,.F.);
#1458=ORIENTED_EDGE('',*,*,#1048,.T.);
#1459=ORIENTED_EDGE('',*,*,#1050,.F.);
#1460=ORIENTED_EDGE('',*,*,#1051,.F.);
#1461=ORIENTED_EDGE('',*,*,#1052,.F.);
#1462=ORIENTED_EDGE('',*,*,#1051,.T.);
#1463=ORIENTED_EDGE('',*,*,#1053,.F.);
#1464=ORIENTED_EDGE('',*,*,#1054,.F.);
#1465=ORIENTED_EDGE('',*,*,#1055,.F.);
#1466=ORIENTED_EDGE('',*,*,#1054,.T.);
#1467=ORIENTED_EDGE('',*,*,#1056,.F.);
#1468=ORIENTED_EDGE('',*,*,#1057,.F.);
#1469=ORIENTED_EDGE('',*,*,#1058,.F.);
#1470=ORIENTED_EDGE('',*,*,#1057,.T.);
#1471=ORIENTED_EDGE('',*,*,#1059,.F.);
#1472=ORIENTED_EDGE('',*,*,#1060,.F.);
#1473=ORIENTED_EDGE('',*,*,#1061,.F.);
#1474=ORIENTED_EDGE('',*,*,#1060,.T.);
#1475=ORIENTED_EDGE('',*,*,#1062,.F.);
#1476=ORIENTED_EDGE('',*,*,#1046,.F.);
#1477=ORIENTED_EDGE('',*,*,#1062,.T.);
#1478=ORIENTED_EDGE('',*,*,#1059,.T.);
#1479=ORIENTED_EDGE('',*,*,#1056,.T.);
#1480=ORIENTED_EDGE('',*,*,#1053,.T.);
#1481=ORIENTED_EDGE('',*,*,#1050,.T.);
#1482=ORIENTED_EDGE('',*,*,#1047,.T.);
#1483=ORIENTED_EDGE('',*,*,#1044,.T.);
#1484=ORIENTED_EDGE('',*,*,#1041,.T.);
#1485=ORIENTED_EDGE('',*,*,#1038,.T.);
#1486=ORIENTED_EDGE('',*,*,#1035,.T.);
#1487=ORIENTED_EDGE('',*,*,#1032,.T.);
#1488=ORIENTED_EDGE('',*,*,#1029,.T.);
#1489=ORIENTED_EDGE('',*,*,#1061,.T.);
#1490=ORIENTED_EDGE('',*,*,#1045,.T.);
#1491=ORIENTED_EDGE('',*,*,#1049,.T.);
#1492=ORIENTED_EDGE('',*,*,#1052,.T.);
#1493=ORIENTED_EDGE('',*,*,#1055,.T.);
#1494=ORIENTED_EDGE('',*,*,#1058,.T.);
#1495=ORIENTED_EDGE('',*,*,#1043,.F.);
#1496=ORIENTED_EDGE('',*,*,#1027,.F.);
#1497=ORIENTED_EDGE('',*,*,#1031,.F.);
#1498=ORIENTED_EDGE('',*,*,#1034,.F.);
#1499=ORIENTED_EDGE('',*,*,#1037,.F.);
#1500=ORIENTED_EDGE('',*,*,#1040,.F.);
#1501=PLANE('',#1689);
#1502=PLANE('',#1690);
#1503=PLANE('',#1691);
#1504=PLANE('',#1692);
#1505=PLANE('',#1693);
#1506=PLANE('',#1694);
#1507=PLANE('',#1695);
#1508=PLANE('',#1696);
#1509=PLANE('',#1697);
#1510=PLANE('',#1698);
#1511=PLANE('',#1699);
#1512=PLANE('',#1700);
#1513=PLANE('',#1701);
#1514=PLANE('',#1702);
#1515=PLANE('',#1703);
#1516=PLANE('',#1704);
#1517=PLANE('',#1705);
#1518=PLANE('',#1706);
#1519=PLANE('',#1707);
#1520=PLANE('',#1708);
#1521=PLANE('',#1709);
#1522=PLANE('',#1710);
#1523=PLANE('',#1711);
#1524=PLANE('',#1712);
#1525=PLANE('',#1716);
#1526=PLANE('',#1720);
#1527=PLANE('',#1724);
#1528=PLANE('',#1728);
#1529=PLANE('',#1732);
#1530=PLANE('',#1736);
#1531=PLANE('',#1740);
#1532=PLANE('',#1744);
#1533=PLANE('',#1748);
#1534=PLANE('',#1752);
#1535=PLANE('',#1753);
#1536=PLANE('',#1754);
#1537=PLANE('',#1755);
#1538=PLANE('',#1756);
#1539=PLANE('',#1757);
#1540=PLANE('',#1758);
#1541=PLANE('',#1759);
#1542=PLANE('',#1760);
#1543=PLANE('',#1761);
#1544=PLANE('',#1762);
#1545=PLANE('',#1763);
#1546=PLANE('',#1764);
#1547=PLANE('',#1765);
#1548=PLANE('',#1766);
#1549=PLANE('',#1767);
#1550=PLANE('',#1768);
#1551=PLANE('',#1772);
#1552=PLANE('',#1773);
#1553=PLANE('',#1774);
#1554=PLANE('',#1775);
#1555=PLANE('',#1776);
#1556=PLANE('',#1777);
#1557=PLANE('',#1778);
#1558=PLANE('',#1779);
#1559=PLANE('',#1780);
#1560=PLANE('',#1781);
#1561=PLANE('',#1782);
#1562=PLANE('',#1783);
#1563=PLANE('',#1784);
#1564=PLANE('',#1785);
#1565=PLANE('',#1786);
#1566=PLANE('',#1787);
#1567=PLANE('',#1788);
#1568=PLANE('',#1789);
#1569=PLANE('',#1790);
#1570=PLANE('',#1791);
#1571=PLANE('',#1792);
#1572=PLANE('',#1793);
#1573=PLANE('',#1794);
#1574=PLANE('',#1795);
#1575=PLANE('',#1796);
#1576=PLANE('',#1797);
#1577=PLANE('',#1798);
#1578=PLANE('',#1799);
#1579=PLANE('',#1800);
#1580=PLANE('',#1801);
#1581=PLANE('',#1802);
#1582=PLANE('',#1803);
#1583=PLANE('',#1804);
#1584=PLANE('',#1805);
#1585=PLANE('',#1806);
#1586=ADVANCED_FACE('',(#85),#1501,.F.);
#1587=ADVANCED_FACE('',(#86),#1502,.F.);
#1588=ADVANCED_FACE('',(#87),#1503,.F.);
#1589=ADVANCED_FACE('',(#88),#1504,.F.);
#1590=ADVANCED_FACE('',(#89,#58),#1505,.T.);
#1591=ADVANCED_FACE('',(#90,#59),#1506,.T.);
#1592=ADVANCED_FACE('',(#91),#1507,.T.);
#1593=ADVANCED_FACE('',(#92),#1508,.T.);
#1594=ADVANCED_FACE('',(#93,#60),#1509,.T.);
#1595=ADVANCED_FACE('',(#94),#1510,.T.);
#1596=ADVANCED_FACE('',(#95),#1511,.T.);
#1597=ADVANCED_FACE('',(#96),#1512,.T.);
#1598=ADVANCED_FACE('',(#97,#61),#1513,.T.);
#1599=ADVANCED_FACE('',(#98),#1514,.T.);
#1600=ADVANCED_FACE('',(#99),#1515,.T.);
#1601=ADVANCED_FACE('',(#100),#1516,.T.);
#1602=ADVANCED_FACE('',(#101),#1517,.T.);
#1603=ADVANCED_FACE('',(#102),#1518,.T.);
#1604=ADVANCED_FACE('',(#103),#1519,.T.);
#1605=ADVANCED_FACE('',(#104),#1520,.T.);
#1606=ADVANCED_FACE('',(#105),#1521,.T.);
#1607=ADVANCED_FACE('',(#106),#1522,.T.);
#1608=ADVANCED_FACE('',(#107,#62),#1523,.T.);
#1609=ADVANCED_FACE('',(#108,#63),#1524,.F.);
#1610=ADVANCED_FACE('',(#109),#35,.F.);
#1611=ADVANCED_FACE('',(#110),#1525,.T.);
#1612=ADVANCED_FACE('',(#111),#36,.F.);
#1613=ADVANCED_FACE('',(#112),#1526,.T.);
#1614=ADVANCED_FACE('',(#113),#37,.F.);
#1615=ADVANCED_FACE('',(#114),#1527,.T.);
#1616=ADVANCED_FACE('',(#115),#38,.F.);
#1617=ADVANCED_FACE('',(#116),#1528,.T.);
#1618=ADVANCED_FACE('',(#117),#39,.F.);
#1619=ADVANCED_FACE('',(#118),#1529,.T.);
#1620=ADVANCED_FACE('',(#119),#40,.T.);
#1621=ADVANCED_FACE('',(#120,#64),#1530,.T.);
#1622=ADVANCED_FACE('',(#121),#41,.T.);
#1623=ADVANCED_FACE('',(#122,#65),#1531,.T.);
#1624=ADVANCED_FACE('',(#123),#42,.T.);
#1625=ADVANCED_FACE('',(#124,#66),#1532,.T.);
#1626=ADVANCED_FACE('',(#125),#43,.T.);
#1627=ADVANCED_FACE('',(#126,#67),#1533,.T.);
#1628=ADVANCED_FACE('',(#127),#44,.T.);
#1629=ADVANCED_FACE('',(#128,#68),#1534,.T.);
#1630=ADVANCED_FACE('',(#129),#1535,.T.);
#1631=ADVANCED_FACE('',(#130),#1536,.T.);
#1632=ADVANCED_FACE('',(#131),#1537,.T.);
#1633=ADVANCED_FACE('',(#132,#69,#70,#71,#72,#73),#1538,.T.);
#1634=ADVANCED_FACE('',(#133),#1539,.T.);
#1635=ADVANCED_FACE('',(#134),#1540,.F.);
#1636=ADVANCED_FACE('',(#135),#1541,.T.);
#1637=ADVANCED_FACE('',(#136),#1542,.T.);
#1638=ADVANCED_FACE('',(#137),#1543,.T.);
#1639=ADVANCED_FACE('',(#138),#1544,.T.);
#1640=ADVANCED_FACE('',(#139),#1545,.T.);
#1641=ADVANCED_FACE('',(#140),#1546,.T.);
#1642=ADVANCED_FACE('',(#141),#1547,.T.);
#1643=ADVANCED_FACE('',(#142),#1548,.T.);
#1644=ADVANCED_FACE('',(#143,#74),#1549,.T.);
#1645=ADVANCED_FACE('',(#144,#75),#1550,.F.);
#1646=ADVANCED_FACE('',(#145),#45,.F.);
#1647=ADVANCED_FACE('',(#146),#1551,.T.);
#1648=ADVANCED_FACE('',(#147),#1552,.T.);
#1649=ADVANCED_FACE('',(#148),#1553,.T.);
#1650=ADVANCED_FACE('',(#149),#1554,.T.);
#1651=ADVANCED_FACE('',(#150),#1555,.T.);
#1652=ADVANCED_FACE('',(#151),#1556,.T.);
#1653=ADVANCED_FACE('',(#152),#1557,.T.);
#1654=ADVANCED_FACE('',(#153),#1558,.F.);
#1655=ADVANCED_FACE('',(#154),#1559,.F.);
#1656=ADVANCED_FACE('',(#155),#1560,.F.);
#1657=ADVANCED_FACE('',(#156),#1561,.F.);
#1658=ADVANCED_FACE('',(#157),#1562,.F.);
#1659=ADVANCED_FACE('',(#158),#1563,.F.);
#1660=ADVANCED_FACE('',(#159),#1564,.F.);
#1661=ADVANCED_FACE('',(#160),#1565,.F.);
#1662=ADVANCED_FACE('',(#161),#1566,.T.);
#1663=ADVANCED_FACE('',(#162,#76,#77,#78,#79),#1567,.T.);
#1664=ADVANCED_FACE('',(#163),#1568,.T.);
#1665=ADVANCED_FACE('',(#164,#80,#81,#82),#1569,.T.);
#1666=ADVANCED_FACE('',(#165),#1570,.T.);
#1667=ADVANCED_FACE('',(#166),#1571,.F.);
#1668=ADVANCED_FACE('',(#167),#1572,.T.);
#1669=ADVANCED_FACE('',(#168),#1573,.T.);
#1670=ADVANCED_FACE('',(#169),#1574,.T.);
#1671=ADVANCED_FACE('',(#170),#1575,.T.);
#1672=ADVANCED_FACE('',(#171),#1576,.T.);
#1673=ADVANCED_FACE('',(#172),#1577,.T.);
#1674=ADVANCED_FACE('',(#173),#1578,.T.);
#1675=ADVANCED_FACE('',(#174),#1579,.T.);
#1676=ADVANCED_FACE('',(#175),#1580,.T.);
#1677=ADVANCED_FACE('',(#176),#1581,.T.);
#1678=ADVANCED_FACE('',(#177),#1582,.T.);
#1679=ADVANCED_FACE('',(#178),#1583,.T.);
#1680=ADVANCED_FACE('',(#179,#83),#1584,.T.);
#1681=ADVANCED_FACE('',(#180,#84),#1585,.F.);
#1682=CLOSED_SHELL('',(#1586,#1587,#1588,#1589,#1590,#1591,#1592,#1593,
#1594,#1595,#1596,#1597,#1598,#1599));
#1683=CLOSED_SHELL('',(#1600,#1601,#1602,#1603,#1604,#1605,#1606,#1607,
#1608,#1609));
#1684=CLOSED_SHELL('',(#1610,#1611,#1612,#1613,#1614,#1615,#1616,#1617,
#1618,#1619,#1620,#1621,#1622,#1623,#1624,#1625,#1626,#1627,#1628,#1629,
#1630,#1631,#1632,#1633,#1634,#1635));
#1685=CLOSED_SHELL('',(#1636,#1637,#1638,#1639,#1640,#1641,#1642,#1643,
#1644,#1645));
#1686=CLOSED_SHELL('',(#1646,#1647,#1648,#1649,#1650,#1651,#1652,#1653,
#1654,#1655,#1656,#1657,#1658,#1659,#1660,#1661,#1662,#1663,#1664,#1665,
#1666,#1667));
#1687=CLOSED_SHELL('',(#1668,#1669,#1670,#1671,#1672,#1673,#1674,#1675,
#1676,#1677,#1678,#1679,#1680,#1681));
#1688=AXIS2_PLACEMENT_3D('',#2242,#1807,#1808);
#1689=AXIS2_PLACEMENT_3D('',#2243,#1809,#1810);
#1690=AXIS2_PLACEMENT_3D('',#2252,#1815,#1816);
#1691=AXIS2_PLACEMENT_3D('',#2258,#1820,#1821);
#1692=AXIS2_PLACEMENT_3D('',#2264,#1825,#1826);
#1693=AXIS2_PLACEMENT_3D('',#2267,#1829,#1830);
#1694=AXIS2_PLACEMENT_3D('',#2284,#1839,#1840);
#1695=AXIS2_PLACEMENT_3D('',#2301,#1849,#1850);
#1696=AXIS2_PLACEMENT_3D('',#2304,#1853,#1854);
#1697=AXIS2_PLACEMENT_3D('',#2306,#1856,#1857);
#1698=AXIS2_PLACEMENT_3D('',#2308,#1859,#1860);
#1699=AXIS2_PLACEMENT_3D('',#2309,#1861,#1862);
#1700=AXIS2_PLACEMENT_3D('',#2312,#1865,#1866);
#1701=AXIS2_PLACEMENT_3D('',#2314,#1868,#1869);
#1702=AXIS2_PLACEMENT_3D('',#2316,#1871,#1872);
#1703=AXIS2_PLACEMENT_3D('',#2317,#1873,#1874);
#1704=AXIS2_PLACEMENT_3D('',#2326,#1879,#1880);
#1705=AXIS2_PLACEMENT_3D('',#2332,#1884,#1885);
#1706=AXIS2_PLACEMENT_3D('',#2338,#1889,#1890);
#1707=AXIS2_PLACEMENT_3D('',#2341,#1893,#1894);
#1708=AXIS2_PLACEMENT_3D('',#2350,#1899,#1900);
#1709=AXIS2_PLACEMENT_3D('',#2356,#1904,#1905);
#1710=AXIS2_PLACEMENT_3D('',#2362,#1909,#1910);
#1711=AXIS2_PLACEMENT_3D('',#2365,#1913,#1914);
#1712=AXIS2_PLACEMENT_3D('',#2366,#1915,#1916);
#1713=AXIS2_PLACEMENT_3D('',#2367,#1917,#1918);
#1714=AXIS2_PLACEMENT_3D('',#2369,#1919,#1920);
#1715=AXIS2_PLACEMENT_3D('',#2372,#1922,#1923);
#1716=AXIS2_PLACEMENT_3D('',#2373,#1924,#1925);
#1717=AXIS2_PLACEMENT_3D('',#2374,#1926,#1927);
#1718=AXIS2_PLACEMENT_3D('',#2376,#1928,#1929);
#1719=AXIS2_PLACEMENT_3D('',#2379,#1931,#1932);
#1720=AXIS2_PLACEMENT_3D('',#2380,#1933,#1934);
#1721=AXIS2_PLACEMENT_3D('',#2381,#1935,#1936);
#1722=AXIS2_PLACEMENT_3D('',#2383,#1937,#1938);
#1723=AXIS2_PLACEMENT_3D('',#2386,#1940,#1941);
#1724=AXIS2_PLACEMENT_3D('',#2387,#1942,#1943);
#1725=AXIS2_PLACEMENT_3D('',#2388,#1944,#1945);
#1726=AXIS2_PLACEMENT_3D('',#2390,#1946,#1947);
#1727=AXIS2_PLACEMENT_3D('',#2393,#1949,#1950);
#1728=AXIS2_PLACEMENT_3D('',#2394,#1951,#1952);
#1729=AXIS2_PLACEMENT_3D('',#2395,#1953,#1954);
#1730=AXIS2_PLACEMENT_3D('',#2397,#1955,#1956);
#1731=AXIS2_PLACEMENT_3D('',#2400,#1958,#1959);
#1732=AXIS2_PLACEMENT_3D('',#2401,#1960,#1961);
#1733=AXIS2_PLACEMENT_3D('',#2402,#1962,#1963);
#1734=AXIS2_PLACEMENT_3D('',#2404,#1964,#1965);
#1735=AXIS2_PLACEMENT_3D('',#2407,#1967,#1968);
#1736=AXIS2_PLACEMENT_3D('',#2408,#1969,#1970);
#1737=AXIS2_PLACEMENT_3D('',#2409,#1971,#1972);
#1738=AXIS2_PLACEMENT_3D('',#2411,#1973,#1974);
#1739=AXIS2_PLACEMENT_3D('',#2414,#1976,#1977);
#1740=AXIS2_PLACEMENT_3D('',#2415,#1978,#1979);
#1741=AXIS2_PLACEMENT_3D('',#2416,#1980,#1981);
#1742=AXIS2_PLACEMENT_3D('',#2418,#1982,#1983);
#1743=AXIS2_PLACEMENT_3D('',#2421,#1985,#1986);
#1744=AXIS2_PLACEMENT_3D('',#2422,#1987,#1988);
#1745=AXIS2_PLACEMENT_3D('',#2423,#1989,#1990);
#1746=AXIS2_PLACEMENT_3D('',#2425,#1991,#1992);
#1747=AXIS2_PLACEMENT_3D('',#2428,#1994,#1995);
#1748=AXIS2_PLACEMENT_3D('',#2429,#1996,#1997);
#1749=AXIS2_PLACEMENT_3D('',#2430,#1998,#1999);
#1750=AXIS2_PLACEMENT_3D('',#2432,#2000,#2001);
#1751=AXIS2_PLACEMENT_3D('',#2435,#2003,#2004);
#1752=AXIS2_PLACEMENT_3D('',#2436,#2005,#2006);
#1753=AXIS2_PLACEMENT_3D('',#2437,#2007,#2008);
#1754=AXIS2_PLACEMENT_3D('',#2446,#2013,#2014);
#1755=AXIS2_PLACEMENT_3D('',#2452,#2018,#2019);
#1756=AXIS2_PLACEMENT_3D('',#2458,#2023,#2024);
#1757=AXIS2_PLACEMENT_3D('',#2461,#2027,#2028);
#1758=AXIS2_PLACEMENT_3D('',#2462,#2029,#2030);
#1759=AXIS2_PLACEMENT_3D('',#2463,#2031,#2032);
#1760=AXIS2_PLACEMENT_3D('',#2472,#2037,#2038);
#1761=AXIS2_PLACEMENT_3D('',#2478,#2042,#2043);
#1762=AXIS2_PLACEMENT_3D('',#2484,#2047,#2048);
#1763=AXIS2_PLACEMENT_3D('',#2487,#2051,#2052);
#1764=AXIS2_PLACEMENT_3D('',#2496,#2057,#2058);
#1765=AXIS2_PLACEMENT_3D('',#2502,#2062,#2063);
#1766=AXIS2_PLACEMENT_3D('',#2508,#2067,#2068);
#1767=AXIS2_PLACEMENT_3D('',#2511,#2071,#2072);
#1768=AXIS2_PLACEMENT_3D('',#2512,#2073,#2074);
#1769=AXIS2_PLACEMENT_3D('',#2513,#2075,#2076);
#1770=AXIS2_PLACEMENT_3D('',#2515,#2077,#2078);
#1771=AXIS2_PLACEMENT_3D('',#2518,#2080,#2081);
#1772=AXIS2_PLACEMENT_3D('',#2519,#2082,#2083);
#1773=AXIS2_PLACEMENT_3D('',#2528,#2088,#2089);
#1774=AXIS2_PLACEMENT_3D('',#2534,#2093,#2094);
#1775=AXIS2_PLACEMENT_3D('',#2540,#2098,#2099);
#1776=AXIS2_PLACEMENT_3D('',#2546,#2103,#2104);
#1777=AXIS2_PLACEMENT_3D('',#2552,#2108,#2109);
#1778=AXIS2_PLACEMENT_3D('',#2555,#2112,#2113);
#1779=AXIS2_PLACEMENT_3D('',#2556,#2114,#2115);
#1780=AXIS2_PLACEMENT_3D('',#2565,#2120,#2121);
#1781=AXIS2_PLACEMENT_3D('',#2571,#2125,#2126);
#1782=AXIS2_PLACEMENT_3D('',#2577,#2130,#2131);
#1783=AXIS2_PLACEMENT_3D('',#2580,#2134,#2135);
#1784=AXIS2_PLACEMENT_3D('',#2589,#2140,#2141);
#1785=AXIS2_PLACEMENT_3D('',#2595,#2145,#2146);
#1786=AXIS2_PLACEMENT_3D('',#2601,#2150,#2151);
#1787=AXIS2_PLACEMENT_3D('',#2604,#2154,#2155);
#1788=AXIS2_PLACEMENT_3D('',#2613,#2160,#2161);
#1789=AXIS2_PLACEMENT_3D('',#2619,#2165,#2166);
#1790=AXIS2_PLACEMENT_3D('',#2625,#2170,#2171);
#1791=AXIS2_PLACEMENT_3D('',#2628,#2174,#2175);
#1792=AXIS2_PLACEMENT_3D('',#2629,#2176,#2177);
#1793=AXIS2_PLACEMENT_3D('',#2630,#2178,#2179);
#1794=AXIS2_PLACEMENT_3D('',#2639,#2184,#2185);
#1795=AXIS2_PLACEMENT_3D('',#2645,#2189,#2190);
#1796=AXIS2_PLACEMENT_3D('',#2651,#2194,#2195);
#1797=AXIS2_PLACEMENT_3D('',#2657,#2199,#2200);
#1798=AXIS2_PLACEMENT_3D('',#2663,#2204,#2205);
#1799=AXIS2_PLACEMENT_3D('',#2666,#2208,#2209);
#1800=AXIS2_PLACEMENT_3D('',#2675,#2214,#2215);
#1801=AXIS2_PLACEMENT_3D('',#2681,#2219,#2220);
#1802=AXIS2_PLACEMENT_3D('',#2687,#2224,#2225);
#1803=AXIS2_PLACEMENT_3D('',#2693,#2229,#2230);
#1804=AXIS2_PLACEMENT_3D('',#2699,#2234,#2235);
#1805=AXIS2_PLACEMENT_3D('',#2702,#2238,#2239);
#1806=AXIS2_PLACEMENT_3D('',#2703,#2240,#2241);
#1807=DIRECTION('axis',(0.,0.,1.));
#1808=DIRECTION('refdir',(1.,0.,0.));
#1809=DIRECTION('center_axis',(0.,1.,0.));
#1810=DIRECTION('ref_axis',(0.,0.,1.));
#1811=DIRECTION('',(0.,0.,-1.));
#1812=DIRECTION('',(1.,0.,0.));
#1813=DIRECTION('',(0.,0.,1.));
#1814=DIRECTION('',(1.,0.,0.));
#1815=DIRECTION('center_axis',(0.,2.79786421323807E-17,-1.));
#1816=DIRECTION('ref_axis',(0.,1.,2.79786421323807E-17));
#1817=DIRECTION('',(0.,-1.,-2.79786421323807E-17));
#1818=DIRECTION('',(0.,1.,2.79786421323807E-17));
#1819=DIRECTION('',(1.,0.,0.));
#1820=DIRECTION('center_axis',(0.,-1.,0.));
#1821=DIRECTION('ref_axis',(0.,0.,-1.));
#1822=DIRECTION('',(0.,0.,1.));
#1823=DIRECTION('',(0.,0.,-1.));
#1824=DIRECTION('',(1.,0.,0.));
#1825=DIRECTION('center_axis',(0.,0.,1.));
#1826=DIRECTION('ref_axis',(0.,-1.,0.));
#1827=DIRECTION('',(0.,1.,0.));
#1828=DIRECTION('',(0.,-1.,0.));
#1829=DIRECTION('center_axis',(0.,0.,1.));
#1830=DIRECTION('ref_axis',(1.,0.,0.));
#1831=DIRECTION('',(-1.,0.,0.));
#1832=DIRECTION('',(0.,-1.,0.));
#1833=DIRECTION('',(1.,0.,0.));
#1834=DIRECTION('',(0.,1.,0.));
#1835=DIRECTION('',(-1.,0.,0.));
#1836=DIRECTION('',(0.,1.,0.));
#1837=DIRECTION('',(1.,0.,0.));
#1838=DIRECTION('',(0.,-1.,0.));
#1839=DIRECTION('center_axis',(0.,0.,-1.));
#1840=DIRECTION('ref_axis',(-1.,0.,0.));
#1841=DIRECTION('',(1.,0.,0.));
#1842=DIRECTION('',(0.,-1.,0.));
#1843=DIRECTION('',(-1.,0.,0.));
#1844=DIRECTION('',(0.,1.,0.));
#1845=DIRECTION('',(1.,0.,0.));
#1846=DIRECTION('',(0.,1.,0.));
#1847=DIRECTION('',(-1.,0.,0.));
#1848=DIRECTION('',(0.,-1.,0.));
#1849=DIRECTION('center_axis',(-1.,0.,0.));
#1850=DIRECTION('ref_axis',(0.,-1.,0.));
#1851=DIRECTION('',(0.,0.,-1.));
#1852=DIRECTION('',(0.,0.,1.));
#1853=DIRECTION('center_axis',(0.,-1.,0.));
#1854=DIRECTION('ref_axis',(1.,0.,0.));
#1855=DIRECTION('',(0.,0.,1.));
#1856=DIRECTION('center_axis',(1.,0.,0.));
#1857=DIRECTION('ref_axis',(0.,1.,0.));
#1858=DIRECTION('',(0.,0.,1.));
#1859=DIRECTION('center_axis',(0.,1.,0.));
#1860=DIRECTION('ref_axis',(-1.,0.,0.));
#1861=DIRECTION('center_axis',(1.,0.,0.));
#1862=DIRECTION('ref_axis',(0.,1.,0.));
#1863=DIRECTION('',(0.,0.,-1.));
#1864=DIRECTION('',(0.,0.,1.));
#1865=DIRECTION('center_axis',(0.,-1.,0.));
#1866=DIRECTION('ref_axis',(1.,0.,0.));
#1867=DIRECTION('',(0.,0.,1.));
#1868=DIRECTION('center_axis',(-1.,0.,0.));
#1869=DIRECTION('ref_axis',(0.,-1.,0.));
#1870=DIRECTION('',(0.,0.,1.));
#1871=DIRECTION('center_axis',(0.,1.,0.));
#1872=DIRECTION('ref_axis',(-1.,0.,0.));
#1873=DIRECTION('center_axis',(1.,0.,0.));
#1874=DIRECTION('ref_axis',(0.,-1.,0.));
#1875=DIRECTION('',(0.,-1.,0.));
#1876=DIRECTION('',(0.,0.,-1.));
#1877=DIRECTION('',(0.,-1.,0.));
#1878=DIRECTION('',(0.,0.,-1.));
#1879=DIRECTION('center_axis',(0.,-1.,0.));
#1880=DIRECTION('ref_axis',(-1.,0.,0.));
#1881=DIRECTION('',(-1.,0.,0.));
#1882=DIRECTION('',(-1.,0.,0.));
#1883=DIRECTION('',(0.,0.,-1.));
#1884=DIRECTION('center_axis',(-1.,0.,0.));
#1885=DIRECTION('ref_axis',(0.,1.,0.));
#1886=DIRECTION('',(0.,1.,0.));
#1887=DIRECTION('',(0.,1.,0.));
#1888=DIRECTION('',(0.,0.,-1.));
#1889=DIRECTION('center_axis',(0.,1.,0.));
#1890=DIRECTION('ref_axis',(1.,0.,0.));
#1891=DIRECTION('',(1.,0.,0.));
#1892=DIRECTION('',(1.,0.,0.));
#1893=DIRECTION('center_axis',(-1.,0.,0.));
#1894=DIRECTION('ref_axis',(0.,1.,0.));
#1895=DIRECTION('',(0.,1.,0.));
#1896=DIRECTION('',(0.,0.,-1.));
#1897=DIRECTION('',(0.,1.,0.));
#1898=DIRECTION('',(0.,0.,-1.));
#1899=DIRECTION('center_axis',(0.,-1.,0.));
#1900=DIRECTION('ref_axis',(-1.,0.,0.));
#1901=DIRECTION('',(-1.,0.,0.));
#1902=DIRECTION('',(-1.,0.,0.));
#1903=DIRECTION('',(0.,0.,-1.));
#1904=DIRECTION('center_axis',(1.,0.,0.));
#1905=DIRECTION('ref_axis',(0.,-1.,0.));
#1906=DIRECTION('',(0.,-1.,0.));
#1907=DIRECTION('',(0.,-1.,0.));
#1908=DIRECTION('',(0.,0.,-1.));
#1909=DIRECTION('center_axis',(0.,1.,0.));
#1910=DIRECTION('ref_axis',(1.,0.,0.));
#1911=DIRECTION('',(1.,0.,0.));
#1912=DIRECTION('',(1.,0.,0.));
#1913=DIRECTION('center_axis',(0.,0.,-1.));
#1914=DIRECTION('ref_axis',(-1.,0.,0.));
#1915=DIRECTION('center_axis',(0.,0.,-1.));
#1916=DIRECTION('ref_axis',(-1.,0.,0.));
#1917=DIRECTION('center_axis',(0.,0.,-1.));
#1918=DIRECTION('ref_axis',(-1.,0.,0.));
#1919=DIRECTION('center_axis',(0.,0.,-1.));
#1920=DIRECTION('ref_axis',(-1.,0.,0.));
#1921=DIRECTION('',(0.,0.,-1.));
#1922=DIRECTION('center_axis',(0.,0.,-1.));
#1923=DIRECTION('ref_axis',(-1.,0.,0.));
#1924=DIRECTION('center_axis',(0.,0.,1.));
#1925=DIRECTION('ref_axis',(-1.,0.,0.));
#1926=DIRECTION('center_axis',(0.,0.,-1.));
#1927=DIRECTION('ref_axis',(-1.,0.,0.));
#1928=DIRECTION('center_axis',(0.,0.,-1.));
#1929=DIRECTION('ref_axis',(-1.,0.,0.));
#1930=DIRECTION('',(0.,0.,-1.));
#1931=DIRECTION('center_axis',(0.,0.,-1.));
#1932=DIRECTION('ref_axis',(-1.,0.,0.));
#1933=DIRECTION('center_axis',(0.,0.,1.));
#1934=DIRECTION('ref_axis',(-1.,0.,0.));
#1935=DIRECTION('center_axis',(0.,0.,-1.));
#1936=DIRECTION('ref_axis',(-1.,0.,0.));
#1937=DIRECTION('center_axis',(0.,0.,-1.));
#1938=DIRECTION('ref_axis',(-1.,0.,0.));
#1939=DIRECTION('',(0.,0.,-1.));
#1940=DIRECTION('center_axis',(0.,0.,-1.));
#1941=DIRECTION('ref_axis',(-1.,0.,0.));
#1942=DIRECTION('center_axis',(0.,0.,1.));
#1943=DIRECTION('ref_axis',(-1.,0.,0.));
#1944=DIRECTION('center_axis',(0.,0.,-1.));
#1945=DIRECTION('ref_axis',(-1.,0.,0.));
#1946=DIRECTION('center_axis',(0.,0.,-1.));
#1947=DIRECTION('ref_axis',(-1.,0.,0.));
#1948=DIRECTION('',(0.,0.,-1.));
#1949=DIRECTION('center_axis',(0.,0.,-1.));
#1950=DIRECTION('ref_axis',(-1.,0.,0.));
#1951=DIRECTION('center_axis',(0.,0.,1.));
#1952=DIRECTION('ref_axis',(-1.,0.,0.));
#1953=DIRECTION('center_axis',(0.,0.,-1.));
#1954=DIRECTION('ref_axis',(-1.,0.,0.));
#1955=DIRECTION('center_axis',(0.,0.,-1.));
#1956=DIRECTION('ref_axis',(-1.,0.,0.));
#1957=DIRECTION('',(0.,0.,-1.));
#1958=DIRECTION('center_axis',(0.,0.,-1.));
#1959=DIRECTION('ref_axis',(-1.,0.,0.));
#1960=DIRECTION('center_axis',(0.,0.,1.));
#1961=DIRECTION('ref_axis',(-1.,0.,0.));
#1962=DIRECTION('center_axis',(0.,0.,-1.));
#1963=DIRECTION('ref_axis',(-1.,0.,0.));
#1964=DIRECTION('center_axis',(0.,0.,-1.));
#1965=DIRECTION('ref_axis',(-1.,0.,0.));
#1966=DIRECTION('',(0.,0.,1.));
#1967=DIRECTION('center_axis',(0.,0.,1.));
#1968=DIRECTION('ref_axis',(-1.,0.,0.));
#1969=DIRECTION('center_axis',(0.,0.,1.));
#1970=DIRECTION('ref_axis',(-1.,0.,0.));
#1971=DIRECTION('center_axis',(0.,0.,-1.));
#1972=DIRECTION('ref_axis',(-1.,0.,0.));
#1973=DIRECTION('center_axis',(0.,0.,-1.));
#1974=DIRECTION('ref_axis',(-1.,0.,0.));
#1975=DIRECTION('',(0.,0.,1.));
#1976=DIRECTION('center_axis',(0.,0.,1.));
#1977=DIRECTION('ref_axis',(-1.,0.,0.));
#1978=DIRECTION('center_axis',(0.,0.,1.));
#1979=DIRECTION('ref_axis',(-1.,0.,0.));
#1980=DIRECTION('center_axis',(0.,0.,-1.));
#1981=DIRECTION('ref_axis',(-1.,0.,0.));
#1982=DIRECTION('center_axis',(0.,0.,-1.));
#1983=DIRECTION('ref_axis',(-1.,0.,0.));
#1984=DIRECTION('',(0.,0.,1.));
#1985=DIRECTION('center_axis',(0.,0.,1.));
#1986=DIRECTION('ref_axis',(-1.,0.,0.));
#1987=DIRECTION('center_axis',(0.,0.,1.));
#1988=DIRECTION('ref_axis',(-1.,0.,0.));
#1989=DIRECTION('center_axis',(0.,0.,-1.));
#1990=DIRECTION('ref_axis',(-1.,0.,0.));
#1991=DIRECTION('center_axis',(0.,0.,-1.));
#1992=DIRECTION('ref_axis',(-1.,0.,0.));
#1993=DIRECTION('',(0.,0.,1.));
#1994=DIRECTION('center_axis',(0.,0.,1.));
#1995=DIRECTION('ref_axis',(-1.,0.,0.));
#1996=DIRECTION('center_axis',(0.,0.,1.));
#1997=DIRECTION('ref_axis',(-1.,0.,0.));
#1998=DIRECTION('center_axis',(0.,0.,-1.));
#1999=DIRECTION('ref_axis',(-1.,0.,0.));
#2000=DIRECTION('center_axis',(0.,0.,-1.));
#2001=DIRECTION('ref_axis',(-1.,0.,0.));
#2002=DIRECTION('',(0.,0.,1.));
#2003=DIRECTION('center_axis',(0.,0.,1.));
#2004=DIRECTION('ref_axis',(-1.,0.,0.));
#2005=DIRECTION('center_axis',(0.,0.,1.));
#2006=DIRECTION('ref_axis',(-1.,0.,0.));
#2007=DIRECTION('center_axis',(0.,-1.,0.));
#2008=DIRECTION('ref_axis',(0.,0.,1.));
#2009=DIRECTION('',(0.,0.,-1.));
#2010=DIRECTION('',(-1.,0.,0.));
#2011=DIRECTION('',(0.,0.,1.));
#2012=DIRECTION('',(-1.,0.,0.));
#2013=DIRECTION('center_axis',(0.,0.,-1.));
#2014=DIRECTION('ref_axis',(0.,-1.,0.));
#2015=DIRECTION('',(0.,1.,0.));
#2016=DIRECTION('',(0.,-1.,0.));
#2017=DIRECTION('',(-1.,0.,0.));
#2018=DIRECTION('center_axis',(0.,1.,0.));
#2019=DIRECTION('ref_axis',(0.,0.,-1.));
#2020=DIRECTION('',(0.,0.,-1.));
#2021=DIRECTION('',(0.,0.,-1.));
#2022=DIRECTION('',(-1.,0.,0.));
#2023=DIRECTION('center_axis',(0.,0.,1.));
#2024=DIRECTION('ref_axis',(0.,1.,0.));
#2025=DIRECTION('',(0.,1.,0.));
#2026=DIRECTION('',(0.,1.,0.));
#2027=DIRECTION('center_axis',(-1.,0.,0.));
#2028=DIRECTION('ref_axis',(0.,0.,1.));
#2029=DIRECTION('center_axis',(-1.,0.,0.));
#2030=DIRECTION('ref_axis',(0.,1.,0.));
#2031=DIRECTION('center_axis',(-1.,0.,0.));
#2032=DIRECTION('ref_axis',(0.,-1.,0.));
#2033=DIRECTION('',(0.,-1.,0.));
#2034=DIRECTION('',(0.,0.,1.));
#2035=DIRECTION('',(0.,-1.,0.));
#2036=DIRECTION('',(0.,0.,1.));
#2037=DIRECTION('center_axis',(0.,-1.,0.));
#2038=DIRECTION('ref_axis',(1.,0.,0.));
#2039=DIRECTION('',(1.,0.,0.));
#2040=DIRECTION('',(1.,0.,0.));
#2041=DIRECTION('',(0.,0.,1.));
#2042=DIRECTION('center_axis',(1.,0.,0.));
#2043=DIRECTION('ref_axis',(0.,1.,0.));
#2044=DIRECTION('',(0.,1.,0.));
#2045=DIRECTION('',(0.,1.,0.));
#2046=DIRECTION('',(0.,0.,1.));
#2047=DIRECTION('center_axis',(0.,1.,0.));
#2048=DIRECTION('ref_axis',(-1.,0.,0.));
#2049=DIRECTION('',(-1.,0.,0.));
#2050=DIRECTION('',(-1.,0.,0.));
#2051=DIRECTION('center_axis',(1.,0.,0.));
#2052=DIRECTION('ref_axis',(0.,1.,0.));
#2053=DIRECTION('',(0.,1.,0.));
#2054=DIRECTION('',(0.,0.,1.));
#2055=DIRECTION('',(0.,1.,0.));
#2056=DIRECTION('',(0.,0.,1.));
#2057=DIRECTION('center_axis',(0.,-1.,0.));
#2058=DIRECTION('ref_axis',(1.,0.,0.));
#2059=DIRECTION('',(1.,0.,0.));
#2060=DIRECTION('',(1.,0.,0.));
#2061=DIRECTION('',(0.,0.,1.));
#2062=DIRECTION('center_axis',(-1.,0.,0.));
#2063=DIRECTION('ref_axis',(0.,-1.,0.));
#2064=DIRECTION('',(0.,-1.,0.));
#2065=DIRECTION('',(0.,-1.,0.));
#2066=DIRECTION('',(0.,0.,1.));
#2067=DIRECTION('center_axis',(0.,1.,0.));
#2068=DIRECTION('ref_axis',(-1.,0.,0.));
#2069=DIRECTION('',(-1.,0.,0.));
#2070=DIRECTION('',(-1.,0.,0.));
#2071=DIRECTION('center_axis',(0.,0.,1.));
#2072=DIRECTION('ref_axis',(1.,0.,0.));
#2073=DIRECTION('center_axis',(0.,0.,1.));
#2074=DIRECTION('ref_axis',(1.,0.,0.));
#2075=DIRECTION('center_axis',(0.,0.,-1.));
#2076=DIRECTION('ref_axis',(-1.,0.,0.));
#2077=DIRECTION('center_axis',(0.,0.,-1.));
#2078=DIRECTION('ref_axis',(-1.,0.,0.));
#2079=DIRECTION('',(0.,0.,-1.));
#2080=DIRECTION('center_axis',(0.,0.,1.));
#2081=DIRECTION('ref_axis',(-1.,0.,0.));
#2082=DIRECTION('center_axis',(-1.,0.,0.));
#2083=DIRECTION('ref_axis',(0.,-1.,0.));
#2084=DIRECTION('',(0.,1.,0.));
#2085=DIRECTION('',(0.,0.,1.));
#2086=DIRECTION('',(0.,-1.,0.));
#2087=DIRECTION('',(0.,0.,1.));
#2088=DIRECTION('center_axis',(0.,1.,0.));
#2089=DIRECTION('ref_axis',(-1.,0.,0.));
#2090=DIRECTION('',(1.,0.,0.));
#2091=DIRECTION('',(-1.,0.,0.));
#2092=DIRECTION('',(0.,0.,1.));
#2093=DIRECTION('center_axis',(1.,0.,0.));
#2094=DIRECTION('ref_axis',(0.,1.,0.));
#2095=DIRECTION('',(0.,-1.,0.));
#2096=DIRECTION('',(0.,1.,0.));
#2097=DIRECTION('',(0.,0.,1.));
#2098=DIRECTION('center_axis',(0.,-1.,0.));
#2099=DIRECTION('ref_axis',(1.,0.,0.));
#2100=DIRECTION('',(-1.,0.,0.));
#2101=DIRECTION('',(1.,0.,0.));
#2102=DIRECTION('',(0.,0.,1.));
#2103=DIRECTION('center_axis',(-1.,0.,0.));
#2104=DIRECTION('ref_axis',(0.,-1.,0.));
#2105=DIRECTION('',(0.,1.,0.));
#2106=DIRECTION('',(0.,-1.,0.));
#2107=DIRECTION('',(0.,0.,1.));
#2108=DIRECTION('center_axis',(0.,1.,0.));
#2109=DIRECTION('ref_axis',(-1.,0.,0.));
#2110=DIRECTION('',(1.,0.,0.));
#2111=DIRECTION('',(-1.,0.,0.));
#2112=DIRECTION('center_axis',(0.,0.,1.));
#2113=DIRECTION('ref_axis',(1.,0.,0.));
#2114=DIRECTION('center_axis',(-1.,0.,0.));
#2115=DIRECTION('ref_axis',(0.,1.,0.));
#2116=DIRECTION('',(0.,-1.,0.));
#2117=DIRECTION('',(0.,0.,-1.));
#2118=DIRECTION('',(0.,1.,0.));
#2119=DIRECTION('',(0.,0.,-1.));
#2120=DIRECTION('center_axis',(0.,-1.,0.));
#2121=DIRECTION('ref_axis',(-1.,0.,0.));
#2122=DIRECTION('',(1.,0.,0.));
#2123=DIRECTION('',(-1.,0.,0.));
#2124=DIRECTION('',(0.,0.,-1.));
#2125=DIRECTION('center_axis',(1.,0.,0.));
#2126=DIRECTION('ref_axis',(0.,-1.,0.));
#2127=DIRECTION('',(0.,1.,0.));
#2128=DIRECTION('',(0.,-1.,0.));
#2129=DIRECTION('',(0.,0.,-1.));
#2130=DIRECTION('center_axis',(0.,1.,0.));
#2131=DIRECTION('ref_axis',(1.,0.,0.));
#2132=DIRECTION('',(-1.,0.,0.));
#2133=DIRECTION('',(1.,0.,0.));
#2134=DIRECTION('center_axis',(-1.,0.,0.));
#2135=DIRECTION('ref_axis',(0.,1.,0.));
#2136=DIRECTION('',(0.,-1.,0.));
#2137=DIRECTION('',(0.,0.,-1.));
#2138=DIRECTION('',(0.,1.,0.));
#2139=DIRECTION('',(0.,0.,-1.));
#2140=DIRECTION('center_axis',(0.,-1.,0.));
#2141=DIRECTION('ref_axis',(-1.,0.,0.));
#2142=DIRECTION('',(1.,0.,0.));
#2143=DIRECTION('',(-1.,0.,0.));
#2144=DIRECTION('',(0.,0.,-1.));
#2145=DIRECTION('center_axis',(1.,0.,0.));
#2146=DIRECTION('ref_axis',(0.,-1.,0.));
#2147=DIRECTION('',(0.,1.,0.));
#2148=DIRECTION('',(0.,-1.,0.));
#2149=DIRECTION('',(0.,0.,-1.));
#2150=DIRECTION('center_axis',(0.,1.,0.));
#2151=DIRECTION('ref_axis',(1.,0.,0.));
#2152=DIRECTION('',(-1.,0.,0.));
#2153=DIRECTION('',(1.,0.,0.));
#2154=DIRECTION('center_axis',(1.,0.,0.));
#2155=DIRECTION('ref_axis',(0.,0.,-1.));
#2156=DIRECTION('',(0.,0.,1.));
#2157=DIRECTION('',(0.,1.,0.));
#2158=DIRECTION('',(0.,0.,-1.));
#2159=DIRECTION('',(0.,1.,0.));
#2160=DIRECTION('center_axis',(0.,0.,1.));
#2161=DIRECTION('ref_axis',(1.,0.,0.));
#2162=DIRECTION('',(-1.,0.,0.));
#2163=DIRECTION('',(1.,0.,0.));
#2164=DIRECTION('',(0.,1.,0.));
#2165=DIRECTION('center_axis',(-1.,0.,0.));
#2166=DIRECTION('ref_axis',(0.,0.,1.));
#2167=DIRECTION('',(0.,0.,1.));
#2168=DIRECTION('',(0.,0.,1.));
#2169=DIRECTION('',(0.,1.,0.));
#2170=DIRECTION('center_axis',(0.,0.,-1.));
#2171=DIRECTION('ref_axis',(-1.,0.,0.));
#2172=DIRECTION('',(-1.,0.,0.));
#2173=DIRECTION('',(-1.,0.,0.));
#2174=DIRECTION('center_axis',(0.,1.,0.));
#2175=DIRECTION('ref_axis',(0.,0.,1.));
#2176=DIRECTION('center_axis',(0.,1.,0.));
#2177=DIRECTION('ref_axis',(-1.,0.,0.));
#2178=DIRECTION('center_axis',(1.,0.,0.));
#2179=DIRECTION('ref_axis',(0.,1.,0.));
#2180=DIRECTION('',(0.,1.,0.));
#2181=DIRECTION('',(0.,0.,1.));
#2182=DIRECTION('',(0.,1.,0.));
#2183=DIRECTION('',(0.,0.,1.));
#2184=DIRECTION('center_axis',(0.,1.,0.));
#2185=DIRECTION('ref_axis',(-1.,0.,0.));
#2186=DIRECTION('',(-1.,0.,0.));
#2187=DIRECTION('',(-1.,0.,0.));
#2188=DIRECTION('',(0.,0.,1.));
#2189=DIRECTION('center_axis',(-1.,0.,0.));
#2190=DIRECTION('ref_axis',(0.,-1.,0.));
#2191=DIRECTION('',(0.,-1.,0.));
#2192=DIRECTION('',(0.,-1.,0.));
#2193=DIRECTION('',(0.,0.,1.));
#2194=DIRECTION('center_axis',(0.,-1.,0.));
#2195=DIRECTION('ref_axis',(1.,0.,0.));
#2196=DIRECTION('',(1.,0.,0.));
#2197=DIRECTION('',(1.,0.,0.));
#2198=DIRECTION('',(0.,0.,1.));
#2199=DIRECTION('center_axis',(1.,0.,0.));
#2200=DIRECTION('ref_axis',(0.,1.,0.));
#2201=DIRECTION('',(0.,1.,0.));
#2202=DIRECTION('',(0.,1.,0.));
#2203=DIRECTION('',(0.,0.,1.));
#2204=DIRECTION('center_axis',(0.,-1.,0.));
#2205=DIRECTION('ref_axis',(1.,0.,0.));
#2206=DIRECTION('',(1.,0.,0.));
#2207=DIRECTION('',(1.,0.,0.));
#2208=DIRECTION('center_axis',(-1.,0.,0.));
#2209=DIRECTION('ref_axis',(0.,-1.,0.));
#2210=DIRECTION('',(0.,1.,0.));
#2211=DIRECTION('',(0.,0.,1.));
#2212=DIRECTION('',(0.,-1.,0.));
#2213=DIRECTION('',(0.,0.,1.));
#2214=DIRECTION('center_axis',(0.,1.,0.));
#2215=DIRECTION('ref_axis',(-1.,0.,0.));
#2216=DIRECTION('',(1.,0.,0.));
#2217=DIRECTION('',(-1.,0.,0.));
#2218=DIRECTION('',(0.,0.,1.));
#2219=DIRECTION('center_axis',(1.,0.,0.));
#2220=DIRECTION('ref_axis',(0.,1.,0.));
#2221=DIRECTION('',(0.,-1.,0.));
#2222=DIRECTION('',(0.,1.,0.));
#2223=DIRECTION('',(0.,0.,1.));
#2224=DIRECTION('center_axis',(0.,-1.,0.));
#2225=DIRECTION('ref_axis',(1.,0.,0.));
#2226=DIRECTION('',(-1.,0.,0.));
#2227=DIRECTION('',(1.,0.,0.));
#2228=DIRECTION('',(0.,0.,1.));
#2229=DIRECTION('center_axis',(-1.,0.,0.));
#2230=DIRECTION('ref_axis',(0.,-1.,0.));
#2231=DIRECTION('',(0.,1.,0.));
#2232=DIRECTION('',(0.,-1.,0.));
#2233=DIRECTION('',(0.,0.,1.));
#2234=DIRECTION('center_axis',(0.,1.,0.));
#2235=DIRECTION('ref_axis',(-1.,0.,0.));
#2236=DIRECTION('',(1.,0.,0.));
#2237=DIRECTION('',(-1.,0.,0.));
#2238=DIRECTION('center_axis',(0.,0.,1.));
#2239=DIRECTION('ref_axis',(1.,0.,0.));
#2240=DIRECTION('center_axis',(0.,0.,1.));
#2241=DIRECTION('ref_axis',(-1.,0.,0.));
#2242=CARTESIAN_POINT('',(0.,0.,0.));
#2243=CARTESIAN_POINT('Origin',(104.5,-112.334080006125,2.06323214746301));
#2244=CARTESIAN_POINT('',(107.,-112.334080006125,6.5920522348212));
#2245=CARTESIAN_POINT('',(107.,-112.334080006125,2.06323214746301));
#2246=CARTESIAN_POINT('',(107.,-112.334080006125,1.7866160737315));
#2247=CARTESIAN_POINT('',(104.5,-112.334080006125,6.5920522348212));
#2248=CARTESIAN_POINT('',(104.5,-112.334080006125,6.5920522348212));
#2249=CARTESIAN_POINT('',(104.5,-112.334080006125,2.06323214746301));
#2250=CARTESIAN_POINT('',(104.5,-112.334080006125,1.7866160737315));
#2251=CARTESIAN_POINT('',(104.5,-112.334080006125,2.06323214746301));
#2252=CARTESIAN_POINT('Origin',(104.5,-122.254352578433,2.06323214746301));
#2253=CARTESIAN_POINT('',(107.,-122.254352578433,2.06323214746301));
#2254=CARTESIAN_POINT('',(107.,-131.252176289217,2.06323214746301));
#2255=CARTESIAN_POINT('',(104.5,-122.254352578433,2.06323214746301));
#2256=CARTESIAN_POINT('',(104.5,-79.8771762892167,2.06323214746301));
#2257=CARTESIAN_POINT('',(104.5,-122.254352578433,2.06323214746301));
#2258=CARTESIAN_POINT('Origin',(104.5,-122.254352578433,6.5920522348212));
#2259=CARTESIAN_POINT('',(107.,-122.254352578433,6.5920522348212));
#2260=CARTESIAN_POINT('',(107.,-122.254352578433,4.0510261174106));
#2261=CARTESIAN_POINT('',(104.5,-122.254352578433,6.5920522348212));
#2262=CARTESIAN_POINT('',(104.5,-122.254352578433,4.0510261174106));
#2263=CARTESIAN_POINT('',(104.5,-122.254352578433,6.5920522348212));
#2264=CARTESIAN_POINT('Origin',(104.5,-112.334080006125,6.5920522348212));
#2265=CARTESIAN_POINT('',(107.,-126.292040003063,6.5920522348212));
#2266=CARTESIAN_POINT('',(104.5,-74.9170400030625,6.5920522348212));
#2267=CARTESIAN_POINT('Origin',(147.5,-90.125,10.51));
#2268=CARTESIAN_POINT('',(190.5,-37.5,10.51));
#2269=CARTESIAN_POINT('',(104.5,-37.5,10.51));
#2270=CARTESIAN_POINT('',(104.5,-37.5,10.51));
#2271=CARTESIAN_POINT('',(104.5,-142.75,10.51));
#2272=CARTESIAN_POINT('',(104.5,-142.75,10.51));
#2273=CARTESIAN_POINT('',(190.5,-142.75,10.51));
#2274=CARTESIAN_POINT('',(190.5,-142.75,10.51));
#2275=CARTESIAN_POINT('',(190.5,-37.5,10.51));
#2276=CARTESIAN_POINT('',(188.,-140.25,10.51));
#2277=CARTESIAN_POINT('',(107.,-140.25,10.51));
#2278=CARTESIAN_POINT('',(188.,-140.25,10.51));
#2279=CARTESIAN_POINT('',(107.,-40.,10.51));
#2280=CARTESIAN_POINT('',(107.,-140.25,10.51));
#2281=CARTESIAN_POINT('',(188.,-40.,10.51));
#2282=CARTESIAN_POINT('',(107.,-40.,10.51));
#2283=CARTESIAN_POINT('',(188.,-40.,10.51));
#2284=CARTESIAN_POINT('Origin',(147.5,-90.125,-4.49));
#2285=CARTESIAN_POINT('',(104.5,-37.5,-4.49));
#2286=CARTESIAN_POINT('',(190.5,-37.5,-4.49));
#2287=CARTESIAN_POINT('',(104.5,-37.5,-4.49));
#2288=CARTESIAN_POINT('',(190.5,-142.75,-4.49));
#2289=CARTESIAN_POINT('',(190.5,-37.5,-4.49));
#2290=CARTESIAN_POINT('',(104.5,-142.75,-4.49));
#2291=CARTESIAN_POINT('',(190.5,-142.75,-4.49));
#2292=CARTESIAN_POINT('',(104.5,-142.75,-4.49));
#2293=CARTESIAN_POINT('',(107.,-140.25,-4.49));
#2294=CARTESIAN_POINT('',(188.,-140.25,-4.49));
#2295=CARTESIAN_POINT('',(188.,-140.25,-4.49));
#2296=CARTESIAN_POINT('',(188.,-40.,-4.49));
#2297=CARTESIAN_POINT('',(188.,-40.,-4.49));
#2298=CARTESIAN_POINT('',(107.,-40.,-4.49));
#2299=CARTESIAN_POINT('',(107.,-40.,-4.49));
#2300=CARTESIAN_POINT('',(107.,-140.25,-4.49));
#2301=CARTESIAN_POINT('Origin',(188.,-40.,1.51));
#2302=CARTESIAN_POINT('',(188.,-140.25,1.51));
#2303=CARTESIAN_POINT('',(188.,-40.,1.51));
#2304=CARTESIAN_POINT('Origin',(107.,-40.,1.51));
#2305=CARTESIAN_POINT('',(107.,-40.,1.51));
#2306=CARTESIAN_POINT('Origin',(107.,-140.25,1.51));
#2307=CARTESIAN_POINT('',(107.,-140.25,1.51));
#2308=CARTESIAN_POINT('Origin',(188.,-140.25,1.51));
#2309=CARTESIAN_POINT('Origin',(190.5,-142.75,1.51));
#2310=CARTESIAN_POINT('',(190.5,-37.5,1.51));
#2311=CARTESIAN_POINT('',(190.5,-142.75,1.51));
#2312=CARTESIAN_POINT('Origin',(104.5,-142.75,1.51));
#2313=CARTESIAN_POINT('',(104.5,-142.75,1.51));
#2314=CARTESIAN_POINT('Origin',(104.5,-37.5,1.51));
#2315=CARTESIAN_POINT('',(104.5,-37.5,1.51));
#2316=CARTESIAN_POINT('Origin',(190.5,-37.5,1.51));
#2317=CARTESIAN_POINT('Origin',(107.,-40.,-4.49));
#2318=CARTESIAN_POINT('',(107.,-40.,-4.49));
#2319=CARTESIAN_POINT('',(107.,-140.25,-4.49));
#2320=CARTESIAN_POINT('',(107.,-140.25,-4.49));
#2321=CARTESIAN_POINT('',(107.,-140.25,-6.49));
#2322=CARTESIAN_POINT('',(107.,-140.25,-4.49));
#2323=CARTESIAN_POINT('',(107.,-40.,-6.49));
#2324=CARTESIAN_POINT('',(107.,-140.25,-6.49));
#2325=CARTESIAN_POINT('',(107.,-40.,-4.49));
#2326=CARTESIAN_POINT('Origin',(188.,-40.,-4.49));
#2327=CARTESIAN_POINT('',(188.,-40.,-4.49));
#2328=CARTESIAN_POINT('',(107.,-40.,-4.49));
#2329=CARTESIAN_POINT('',(188.,-40.,-6.49));
#2330=CARTESIAN_POINT('',(107.,-40.,-6.49));
#2331=CARTESIAN_POINT('',(188.,-40.,-4.49));
#2332=CARTESIAN_POINT('Origin',(188.,-140.25,-4.49));
#2333=CARTESIAN_POINT('',(188.,-140.25,-4.49));
#2334=CARTESIAN_POINT('',(188.,-40.,-4.49));
#2335=CARTESIAN_POINT('',(188.,-140.25,-6.49));
#2336=CARTESIAN_POINT('',(188.,-40.,-6.49));
#2337=CARTESIAN_POINT('',(188.,-140.25,-4.49));
#2338=CARTESIAN_POINT('Origin',(107.,-140.25,-4.49));
#2339=CARTESIAN_POINT('',(188.,-140.25,-4.49));
#2340=CARTESIAN_POINT('',(188.,-140.25,-6.49));
#2341=CARTESIAN_POINT('Origin',(104.5,-142.75,-4.49));
#2342=CARTESIAN_POINT('',(104.5,-142.75,-4.49));
#2343=CARTESIAN_POINT('',(104.5,-37.5,-4.49));
#2344=CARTESIAN_POINT('',(104.5,-142.75,-4.49));
#2345=CARTESIAN_POINT('',(104.5,-37.5,-6.49));
#2346=CARTESIAN_POINT('',(104.5,-37.5,-4.49));
#2347=CARTESIAN_POINT('',(104.5,-142.75,-6.49));
#2348=CARTESIAN_POINT('',(104.5,-142.75,-6.49));
#2349=CARTESIAN_POINT('',(104.5,-142.75,-4.49));
#2350=CARTESIAN_POINT('Origin',(190.5,-142.75,-4.49));
#2351=CARTESIAN_POINT('',(190.5,-142.75,-4.49));
#2352=CARTESIAN_POINT('',(190.5,-142.75,-4.49));
#2353=CARTESIAN_POINT('',(190.5,-142.75,-6.49));
#2354=CARTESIAN_POINT('',(190.5,-142.75,-6.49));
#2355=CARTESIAN_POINT('',(190.5,-142.75,-4.49));
#2356=CARTESIAN_POINT('Origin',(190.5,-37.5,-4.49));
#2357=CARTESIAN_POINT('',(190.5,-37.5,-4.49));
#2358=CARTESIAN_POINT('',(190.5,-37.5,-4.49));
#2359=CARTESIAN_POINT('',(190.5,-37.5,-6.49));
#2360=CARTESIAN_POINT('',(190.5,-37.5,-6.49));
#2361=CARTESIAN_POINT('',(190.5,-37.5,-4.49));
#2362=CARTESIAN_POINT('Origin',(104.5,-37.5,-4.49));
#2363=CARTESIAN_POINT('',(104.5,-37.5,-4.49));
#2364=CARTESIAN_POINT('',(104.5,-37.5,-6.49));
#2365=CARTESIAN_POINT('Origin',(147.5,-90.125,-6.49));
#2366=CARTESIAN_POINT('Origin',(147.5,-90.125,-4.49));
#2367=CARTESIAN_POINT('Origin',(182.280321525324,-110.186581118807,1.51));
#2368=CARTESIAN_POINT('',(183.880321525324,-110.186581118807,1.51));
#2369=CARTESIAN_POINT('Origin',(182.280321525324,-110.186581118807,1.51));
#2370=CARTESIAN_POINT('',(183.880321525324,-110.186581118807,-2.49));
#2371=CARTESIAN_POINT('',(183.880321525324,-110.186581118807,1.51));
#2372=CARTESIAN_POINT('Origin',(182.280321525324,-110.186581118807,-2.49));
#2373=CARTESIAN_POINT('Origin',(182.280321525324,-110.186581118807,-2.49));
#2374=CARTESIAN_POINT('Origin',(138.286870702156,-132.789510249573,1.51));
#2375=CARTESIAN_POINT('',(139.886870702156,-132.789510249573,1.51));
#2376=CARTESIAN_POINT('Origin',(138.286870702156,-132.789510249573,1.51));
#2377=CARTESIAN_POINT('',(139.886870702156,-132.789510249573,-2.49));
#2378=CARTESIAN_POINT('',(139.886870702156,-132.789510249573,1.51));
#2379=CARTESIAN_POINT('Origin',(138.286870702156,-132.789510249573,-2.49));
#2380=CARTESIAN_POINT('Origin',(138.286870702156,-132.789510249573,-2.49));
#2381=CARTESIAN_POINT('Origin',(181.748916412585,-46.7275327656442,1.51));
#2382=CARTESIAN_POINT('',(183.348916412585,-46.7275327656442,1.51));
#2383=CARTESIAN_POINT('Origin',(181.748916412585,-46.7275327656442,1.51));
#2384=CARTESIAN_POINT('',(183.348916412585,-46.7275327656442,-2.49));
#2385=CARTESIAN_POINT('',(183.348916412585,-46.7275327656442,1.51));
#2386=CARTESIAN_POINT('Origin',(181.748916412585,-46.7275327656442,-2.49));
#2387=CARTESIAN_POINT('Origin',(181.748916412585,-46.7275327656442,-2.49));
#2388=CARTESIAN_POINT('Origin',(112.814907035511,-132.504323013597,1.51));
#2389=CARTESIAN_POINT('',(114.414907035511,-132.504323013597,1.51));
#2390=CARTESIAN_POINT('Origin',(112.814907035511,-132.504323013597,1.51));
#2391=CARTESIAN_POINT('',(114.414907035511,-132.504323013597,-2.49));
#2392=CARTESIAN_POINT('',(114.414907035511,-132.504323013597,1.51));
#2393=CARTESIAN_POINT('Origin',(112.814907035511,-132.504323013597,-2.49));
#2394=CARTESIAN_POINT('Origin',(112.814907035511,-132.504323013597,-2.49));
#2395=CARTESIAN_POINT('Origin',(113.,-46.5,1.51));
#2396=CARTESIAN_POINT('',(114.6,-46.5,1.51));
#2397=CARTESIAN_POINT('Origin',(113.,-46.5,1.51));
#2398=CARTESIAN_POINT('',(114.6,-46.5,-2.49));
#2399=CARTESIAN_POINT('',(114.6,-46.5,1.51));
#2400=CARTESIAN_POINT('Origin',(113.,-46.5,-2.49));
#2401=CARTESIAN_POINT('Origin',(113.,-46.5,-2.49));
#2402=CARTESIAN_POINT('Origin',(112.75,-132.5,1.51));
#2403=CARTESIAN_POINT('',(115.75,-132.5,-4.49));
#2404=CARTESIAN_POINT('Origin',(112.75,-132.5,-4.49));
#2405=CARTESIAN_POINT('',(115.75,-132.5,1.51));
#2406=CARTESIAN_POINT('',(115.75,-132.5,1.51));
#2407=CARTESIAN_POINT('Origin',(112.75,-132.5,1.51));
#2408=CARTESIAN_POINT('Origin',(112.75,-132.5,1.51));
#2409=CARTESIAN_POINT('Origin',(113.,-46.5,1.51));
#2410=CARTESIAN_POINT('',(116.,-46.5,-4.49));
#2411=CARTESIAN_POINT('Origin',(113.,-46.5,-4.49));
#2412=CARTESIAN_POINT('',(116.,-46.5,1.51));
#2413=CARTESIAN_POINT('',(116.,-46.5,1.51));
#2414=CARTESIAN_POINT('Origin',(113.,-46.5,1.51));
#2415=CARTESIAN_POINT('Origin',(113.,-46.5,1.51));
#2416=CARTESIAN_POINT('Origin',(138.25,-132.75,1.51));
#2417=CARTESIAN_POINT('',(141.25,-132.75,-4.49));
#2418=CARTESIAN_POINT('Origin',(138.25,-132.75,-4.49));
#2419=CARTESIAN_POINT('',(141.25,-132.75,1.51));
#2420=CARTESIAN_POINT('',(141.25,-132.75,1.51));
#2421=CARTESIAN_POINT('Origin',(138.25,-132.75,1.51));
#2422=CARTESIAN_POINT('Origin',(138.25,-132.75,1.51));
#2423=CARTESIAN_POINT('Origin',(181.75,-46.75,1.51));
#2424=CARTESIAN_POINT('',(184.75,-46.75,-4.49));
#2425=CARTESIAN_POINT('Origin',(181.75,-46.75,-4.49));
#2426=CARTESIAN_POINT('',(184.75,-46.75,1.51));
#2427=CARTESIAN_POINT('',(184.75,-46.75,1.51));
#2428=CARTESIAN_POINT('Origin',(181.75,-46.75,1.51));
#2429=CARTESIAN_POINT('Origin',(181.75,-46.75,1.51));
#2430=CARTESIAN_POINT('Origin',(182.25,-110.25,1.51));
#2431=CARTESIAN_POINT('',(185.25,-110.25,-4.49));
#2432=CARTESIAN_POINT('Origin',(182.25,-110.25,-4.49));
#2433=CARTESIAN_POINT('',(185.25,-110.25,1.51));
#2434=CARTESIAN_POINT('',(185.25,-110.25,1.51));
#2435=CARTESIAN_POINT('Origin',(182.25,-110.25,1.51));
#2436=CARTESIAN_POINT('Origin',(182.25,-110.25,1.51));
#2437=CARTESIAN_POINT('Origin',(188.,-140.25,-6.49));
#2438=CARTESIAN_POINT('',(188.,-140.25,-4.49));
#2439=CARTESIAN_POINT('',(188.,-140.25,-6.49));
#2440=CARTESIAN_POINT('',(188.,-140.25,-4.49));
#2441=CARTESIAN_POINT('',(107.,-140.25,-4.49));
#2442=CARTESIAN_POINT('',(188.,-140.25,-4.49));
#2443=CARTESIAN_POINT('',(107.,-140.25,-6.49));
#2444=CARTESIAN_POINT('',(107.,-140.25,-4.49));
#2445=CARTESIAN_POINT('',(188.,-140.25,-6.49));
#2446=CARTESIAN_POINT('Origin',(188.,-40.,-6.49));
#2447=CARTESIAN_POINT('',(188.,-40.,-6.49));
#2448=CARTESIAN_POINT('',(188.,-40.,-6.49));
#2449=CARTESIAN_POINT('',(107.,-40.,-6.49));
#2450=CARTESIAN_POINT('',(107.,-40.,-6.49));
#2451=CARTESIAN_POINT('',(188.,-40.,-6.49));
#2452=CARTESIAN_POINT('Origin',(188.,-40.,-4.49));
#2453=CARTESIAN_POINT('',(188.,-40.,-4.49));
#2454=CARTESIAN_POINT('',(188.,-40.,-4.49));
#2455=CARTESIAN_POINT('',(107.,-40.,-4.49));
#2456=CARTESIAN_POINT('',(107.,-40.,-4.49));
#2457=CARTESIAN_POINT('',(188.,-40.,-4.49));
#2458=CARTESIAN_POINT('Origin',(188.,-140.25,-4.49));
#2459=CARTESIAN_POINT('',(188.,-40.,-4.49));
#2460=CARTESIAN_POINT('',(107.,-40.,-4.49));
#2461=CARTESIAN_POINT('Origin',(107.,-140.25,-4.49));
#2462=CARTESIAN_POINT('Origin',(188.,-140.25,-4.49));
#2463=CARTESIAN_POINT('Origin',(188.,-40.,10.51));
#2464=CARTESIAN_POINT('',(188.,-40.,10.51));
#2465=CARTESIAN_POINT('',(188.,-140.25,10.51));
#2466=CARTESIAN_POINT('',(188.,-40.,10.51));
#2467=CARTESIAN_POINT('',(188.,-140.25,12.51));
#2468=CARTESIAN_POINT('',(188.,-140.25,10.51));
#2469=CARTESIAN_POINT('',(188.,-40.,12.51));
#2470=CARTESIAN_POINT('',(188.,-40.,12.51));
#2471=CARTESIAN_POINT('',(188.,-40.,10.51));
#2472=CARTESIAN_POINT('Origin',(107.,-40.,10.51));
#2473=CARTESIAN_POINT('',(107.,-40.,10.51));
#2474=CARTESIAN_POINT('',(107.,-40.,10.51));
#2475=CARTESIAN_POINT('',(107.,-40.,12.51));
#2476=CARTESIAN_POINT('',(107.,-40.,12.51));
#2477=CARTESIAN_POINT('',(107.,-40.,10.51));
#2478=CARTESIAN_POINT('Origin',(107.,-140.25,10.51));
#2479=CARTESIAN_POINT('',(107.,-140.25,10.51));
#2480=CARTESIAN_POINT('',(107.,-140.25,10.51));
#2481=CARTESIAN_POINT('',(107.,-140.25,12.51));
#2482=CARTESIAN_POINT('',(107.,-140.25,12.51));
#2483=CARTESIAN_POINT('',(107.,-140.25,10.51));
#2484=CARTESIAN_POINT('Origin',(188.,-140.25,10.51));
#2485=CARTESIAN_POINT('',(188.,-140.25,10.51));
#2486=CARTESIAN_POINT('',(188.,-140.25,12.51));
#2487=CARTESIAN_POINT('Origin',(190.5,-142.75,10.51));
#2488=CARTESIAN_POINT('',(190.5,-142.75,10.51));
#2489=CARTESIAN_POINT('',(190.5,-37.5,10.51));
#2490=CARTESIAN_POINT('',(190.5,-37.5,10.51));
#2491=CARTESIAN_POINT('',(190.5,-37.5,12.51));
#2492=CARTESIAN_POINT('',(190.5,-37.5,10.51));
#2493=CARTESIAN_POINT('',(190.5,-142.75,12.51));
#2494=CARTESIAN_POINT('',(190.5,-37.5,12.51));
#2495=CARTESIAN_POINT('',(190.5,-142.75,10.51));
#2496=CARTESIAN_POINT('Origin',(104.5,-142.75,10.51));
#2497=CARTESIAN_POINT('',(104.5,-142.75,10.51));
#2498=CARTESIAN_POINT('',(190.5,-142.75,10.51));
#2499=CARTESIAN_POINT('',(104.5,-142.75,12.51));
#2500=CARTESIAN_POINT('',(190.5,-142.75,12.51));
#2501=CARTESIAN_POINT('',(104.5,-142.75,10.51));
#2502=CARTESIAN_POINT('Origin',(104.5,-37.5,10.51));
#2503=CARTESIAN_POINT('',(104.5,-37.5,10.51));
#2504=CARTESIAN_POINT('',(104.5,-142.75,10.51));
#2505=CARTESIAN_POINT('',(104.5,-37.5,12.51));
#2506=CARTESIAN_POINT('',(104.5,-142.75,12.51));
#2507=CARTESIAN_POINT('',(104.5,-37.5,10.51));
#2508=CARTESIAN_POINT('Origin',(190.5,-37.5,10.51));
#2509=CARTESIAN_POINT('',(104.5,-37.5,10.51));
#2510=CARTESIAN_POINT('',(104.5,-37.5,12.51));
#2511=CARTESIAN_POINT('Origin',(147.5,-90.125,12.51));
#2512=CARTESIAN_POINT('Origin',(147.5,-90.125,10.51));
#2513=CARTESIAN_POINT('Origin',(169.480582069208,-50.6007335156339,12.51));
#2514=CARTESIAN_POINT('',(172.980582069208,-50.6007335156339,12.51));
#2515=CARTESIAN_POINT('Origin',(169.480582069208,-50.6007335156339,12.51));
#2516=CARTESIAN_POINT('',(172.980582069208,-50.6007335156339,10.51));
#2517=CARTESIAN_POINT('',(172.980582069208,-50.6007335156339,12.51));
#2518=CARTESIAN_POINT('Origin',(169.480582069208,-50.6007335156339,10.51));
#2519=CARTESIAN_POINT('Origin',(170.344229293642,-67.9383955659999,12.51));
#2520=CARTESIAN_POINT('',(170.344229293642,-112.5,12.51));
#2521=CARTESIAN_POINT('',(170.344229293642,-67.9383955659999,12.51));
#2522=CARTESIAN_POINT('',(170.344229293642,-104.094197783,12.51));
#2523=CARTESIAN_POINT('',(170.344229293642,-112.5,17.51));
#2524=CARTESIAN_POINT('',(170.344229293642,-112.5,12.51));
#2525=CARTESIAN_POINT('',(170.344229293642,-67.9383955659999,17.51));
#2526=CARTESIAN_POINT('',(170.344229293642,-112.5,17.51));
#2527=CARTESIAN_POINT('',(170.344229293642,-67.9383955659999,12.51));
#2528=CARTESIAN_POINT('Origin',(182.5,-67.9383955659999,12.51));
#2529=CARTESIAN_POINT('',(182.5,-67.9383955659999,12.51));
#2530=CARTESIAN_POINT('',(144.75,-67.9383955659999,12.51));
#2531=CARTESIAN_POINT('',(182.5,-67.9383955659999,17.51));
#2532=CARTESIAN_POINT('',(170.344229293642,-67.9383955659999,17.51));
#2533=CARTESIAN_POINT('',(182.5,-67.9383955659999,12.51));
#2534=CARTESIAN_POINT('Origin',(182.5,-132.5,12.51));
#2535=CARTESIAN_POINT('',(182.5,-132.5,12.51));
#2536=CARTESIAN_POINT('',(182.5,-136.375,12.51));
#2537=CARTESIAN_POINT('',(182.5,-132.5,17.51));
#2538=CARTESIAN_POINT('',(182.5,-110.,17.51));
#2539=CARTESIAN_POINT('',(182.5,-132.5,12.51));
#2540=CARTESIAN_POINT('Origin',(117.5,-132.5,12.51));
#2541=CARTESIAN_POINT('',(117.5,-132.5,12.51));
#2542=CARTESIAN_POINT('',(112.25,-132.5,12.51));
#2543=CARTESIAN_POINT('',(117.5,-132.5,17.51));
#2544=CARTESIAN_POINT('',(182.5,-132.5,17.51));
#2545=CARTESIAN_POINT('',(117.5,-132.5,12.51));
#2546=CARTESIAN_POINT('Origin',(117.5,-112.5,12.51));
#2547=CARTESIAN_POINT('',(117.5,-112.5,12.51));
#2548=CARTESIAN_POINT('',(117.5,-126.375,12.51));
#2549=CARTESIAN_POINT('',(117.5,-112.5,17.51));
#2550=CARTESIAN_POINT('',(117.5,-132.5,17.51));
#2551=CARTESIAN_POINT('',(117.5,-112.5,12.51));
#2552=CARTESIAN_POINT('Origin',(170.344229293642,-112.5,12.51));
#2553=CARTESIAN_POINT('',(138.672114646821,-112.5,12.51));
#2554=CARTESIAN_POINT('',(117.5,-112.5,17.51));
#2555=CARTESIAN_POINT('Origin',(150.,-100.219197783,17.51));
#2556=CARTESIAN_POINT('Origin',(118.000001758337,-56.000000834465,12.51));
#2557=CARTESIAN_POINT('',(118.000001758337,-42.0000006258488,10.51));
#2558=CARTESIAN_POINT('',(118.000001758337,-56.000000834465,10.51));
#2559=CARTESIAN_POINT('',(118.000001758337,-98.1250004172325,10.51));
#2560=CARTESIAN_POINT('',(118.000001758337,-42.0000006258488,12.51));
#2561=CARTESIAN_POINT('',(118.000001758337,-42.0000006258488,12.51));
#2562=CARTESIAN_POINT('',(118.000001758337,-56.000000834465,12.51));
#2563=CARTESIAN_POINT('',(118.000001758337,-98.1250004172325,12.51));
#2564=CARTESIAN_POINT('',(118.000001758337,-56.000000834465,12.51));
#2565=CARTESIAN_POINT('Origin',(156.000002324581,-56.000000834465,12.51));
#2566=CARTESIAN_POINT('',(156.000002324581,-56.000000834465,10.51));
#2567=CARTESIAN_POINT('',(172.000001162291,-56.000000834465,10.51));
#2568=CARTESIAN_POINT('',(156.000002324581,-56.000000834465,12.51));
#2569=CARTESIAN_POINT('',(131.500001162291,-56.000000834465,12.51));
#2570=CARTESIAN_POINT('',(156.000002324581,-56.000000834465,12.51));
#2571=CARTESIAN_POINT('Origin',(156.000002324581,-42.0000006258488,12.51));
#2572=CARTESIAN_POINT('',(156.000002324581,-42.0000006258488,10.51));
#2573=CARTESIAN_POINT('',(156.000002324581,-91.1250003129244,10.51));
#2574=CARTESIAN_POINT('',(156.000002324581,-42.0000006258488,12.51));
#2575=CARTESIAN_POINT('',(156.000002324581,-91.1250003129244,12.51));
#2576=CARTESIAN_POINT('',(156.000002324581,-42.0000006258488,12.51));
#2577=CARTESIAN_POINT('Origin',(118.000001758337,-42.0000006258488,12.51));
#2578=CARTESIAN_POINT('',(153.000000879169,-42.0000006258488,10.51));
#2579=CARTESIAN_POINT('',(112.500000879169,-42.0000006258488,12.51));
#2580=CARTESIAN_POINT('Origin',(117.586369166711,-104.888085369343,12.51));
#2581=CARTESIAN_POINT('',(117.586369166711,-59.4231732170512,10.51));
#2582=CARTESIAN_POINT('',(117.586369166711,-104.888085369343,10.51));
#2583=CARTESIAN_POINT('',(117.586369166711,-122.569042684672,10.51));
#2584=CARTESIAN_POINT('',(117.586369166711,-59.4231732170512,12.51));
#2585=CARTESIAN_POINT('',(117.586369166711,-59.4231732170512,12.51));
#2586=CARTESIAN_POINT('',(117.586369166711,-104.888085369343,12.51));
#2587=CARTESIAN_POINT('',(117.586369166711,-122.569042684672,12.51));
#2588=CARTESIAN_POINT('',(117.586369166711,-104.888085369343,12.51));
#2589=CARTESIAN_POINT('Origin',(163.450851149381,-104.888085369343,12.51));
#2590=CARTESIAN_POINT('',(163.450851149381,-104.888085369343,10.51));
#2591=CARTESIAN_POINT('',(175.725425574691,-104.888085369343,10.51));
#2592=CARTESIAN_POINT('',(163.450851149381,-104.888085369343,12.51));
#2593=CARTESIAN_POINT('',(135.225425574691,-104.888085369343,12.51));
#2594=CARTESIAN_POINT('',(163.450851149381,-104.888085369343,12.51));
#2595=CARTESIAN_POINT('Origin',(163.450851149381,-59.4231732170512,12.51));
#2596=CARTESIAN_POINT('',(163.450851149381,-59.4231732170512,10.51));
#2597=CARTESIAN_POINT('',(163.450851149381,-99.8365866085256,10.51));
#2598=CARTESIAN_POINT('',(163.450851149381,-59.4231732170512,12.51));
#2599=CARTESIAN_POINT('',(163.450851149381,-99.8365866085256,12.51));
#2600=CARTESIAN_POINT('',(163.450851149381,-59.4231732170512,12.51));
#2601=CARTESIAN_POINT('Origin',(117.586369166711,-59.4231732170512,12.51));
#2602=CARTESIAN_POINT('',(152.793184583355,-59.4231732170512,10.51));
#2603=CARTESIAN_POINT('',(112.293184583355,-59.4231732170512,12.51));
#2604=CARTESIAN_POINT('Origin',(188.,-140.25,12.51));
#2605=CARTESIAN_POINT('',(188.,-140.25,10.51));
#2606=CARTESIAN_POINT('',(188.,-140.25,12.51));
#2607=CARTESIAN_POINT('',(188.,-140.25,10.51));
#2608=CARTESIAN_POINT('',(188.,-40.,10.51));
#2609=CARTESIAN_POINT('',(188.,-140.25,10.51));
#2610=CARTESIAN_POINT('',(188.,-40.,12.51));
#2611=CARTESIAN_POINT('',(188.,-40.,10.51));
#2612=CARTESIAN_POINT('',(188.,-140.25,12.51));
#2613=CARTESIAN_POINT('Origin',(107.,-140.25,12.51));
#2614=CARTESIAN_POINT('',(107.,-140.25,12.51));
#2615=CARTESIAN_POINT('',(188.,-140.25,12.51));
#2616=CARTESIAN_POINT('',(107.,-40.,12.51));
#2617=CARTESIAN_POINT('',(188.,-40.,12.51));
#2618=CARTESIAN_POINT('',(107.,-140.25,12.51));
#2619=CARTESIAN_POINT('Origin',(107.,-140.25,10.51));
#2620=CARTESIAN_POINT('',(107.,-140.25,10.51));
#2621=CARTESIAN_POINT('',(107.,-140.25,10.51));
#2622=CARTESIAN_POINT('',(107.,-40.,10.51));
#2623=CARTESIAN_POINT('',(107.,-40.,10.51));
#2624=CARTESIAN_POINT('',(107.,-140.25,10.51));
#2625=CARTESIAN_POINT('Origin',(188.,-140.25,10.51));
#2626=CARTESIAN_POINT('',(188.,-140.25,10.51));
#2627=CARTESIAN_POINT('',(188.,-40.,10.51));
#2628=CARTESIAN_POINT('Origin',(188.,-40.,10.51));
#2629=CARTESIAN_POINT('Origin',(188.,-140.25,10.51));
#2630=CARTESIAN_POINT('Origin',(117.5,-132.5,12.51));
#2631=CARTESIAN_POINT('',(117.5,-132.5,12.51));
#2632=CARTESIAN_POINT('',(117.5,-112.5,12.51));
#2633=CARTESIAN_POINT('',(117.5,-132.5,12.51));
#2634=CARTESIAN_POINT('',(117.5,-112.5,15.01));
#2635=CARTESIAN_POINT('',(117.5,-112.5,12.51));
#2636=CARTESIAN_POINT('',(117.5,-132.5,15.01));
#2637=CARTESIAN_POINT('',(117.5,-132.5,15.01));
#2638=CARTESIAN_POINT('',(117.5,-132.5,12.51));
#2639=CARTESIAN_POINT('Origin',(182.5,-132.5,12.51));
#2640=CARTESIAN_POINT('',(182.5,-132.5,12.51));
#2641=CARTESIAN_POINT('',(182.5,-132.5,12.51));
#2642=CARTESIAN_POINT('',(182.5,-132.5,15.01));
#2643=CARTESIAN_POINT('',(182.5,-132.5,15.01));
#2644=CARTESIAN_POINT('',(182.5,-132.5,12.51));
#2645=CARTESIAN_POINT('Origin',(182.5,-67.9383955659999,12.51));
#2646=CARTESIAN_POINT('',(182.5,-67.9383955659999,12.51));
#2647=CARTESIAN_POINT('',(182.5,-110.,12.51));
#2648=CARTESIAN_POINT('',(182.5,-67.9383955659999,15.01));
#2649=CARTESIAN_POINT('',(182.5,-110.,15.01));
#2650=CARTESIAN_POINT('',(182.5,-67.9383955659999,12.51));
#2651=CARTESIAN_POINT('Origin',(170.344229293642,-67.9383955659999,12.51));
#2652=CARTESIAN_POINT('',(170.344229293642,-67.9383955659999,12.51));
#2653=CARTESIAN_POINT('',(170.344229293642,-67.9383955659999,12.51));
#2654=CARTESIAN_POINT('',(170.344229293642,-67.9383955659999,15.01));
#2655=CARTESIAN_POINT('',(170.344229293642,-67.9383955659999,15.01));
#2656=CARTESIAN_POINT('',(170.344229293642,-67.9383955659999,12.51));
#2657=CARTESIAN_POINT('Origin',(170.344229293642,-112.5,12.51));
#2658=CARTESIAN_POINT('',(170.344229293642,-112.5,12.51));
#2659=CARTESIAN_POINT('',(170.344229293642,-112.5,12.51));
#2660=CARTESIAN_POINT('',(170.344229293642,-112.5,15.01));
#2661=CARTESIAN_POINT('',(170.344229293642,-112.5,15.01));
#2662=CARTESIAN_POINT('',(170.344229293642,-112.5,12.51));
#2663=CARTESIAN_POINT('Origin',(117.5,-112.5,12.51));
#2664=CARTESIAN_POINT('',(117.5,-112.5,12.51));
#2665=CARTESIAN_POINT('',(117.5,-112.5,15.01));
#2666=CARTESIAN_POINT('Origin',(167.844229293642,-65.4383955659999,12.51));
#2667=CARTESIAN_POINT('',(167.844229293642,-110.,12.51));
#2668=CARTESIAN_POINT('',(167.844229293642,-65.4383955659999,12.51));
#2669=CARTESIAN_POINT('',(167.844229293642,-110.,12.51));
#2670=CARTESIAN_POINT('',(167.844229293642,-110.,15.01));
#2671=CARTESIAN_POINT('',(167.844229293642,-110.,12.51));
#2672=CARTESIAN_POINT('',(167.844229293642,-65.4383955659999,15.01));
#2673=CARTESIAN_POINT('',(167.844229293642,-110.,15.01));
#2674=CARTESIAN_POINT('',(167.844229293642,-65.4383955659999,12.51));
#2675=CARTESIAN_POINT('Origin',(185.,-65.4383955659999,12.51));
#2676=CARTESIAN_POINT('',(185.,-65.4383955659999,12.51));
#2677=CARTESIAN_POINT('',(167.844229293642,-65.4383955659999,12.51));
#2678=CARTESIAN_POINT('',(185.,-65.4383955659999,15.01));
#2679=CARTESIAN_POINT('',(167.844229293642,-65.4383955659999,15.01));
#2680=CARTESIAN_POINT('',(185.,-65.4383955659999,12.51));
#2681=CARTESIAN_POINT('Origin',(185.,-135.,12.51));
#2682=CARTESIAN_POINT('',(185.,-135.,12.51));
#2683=CARTESIAN_POINT('',(185.,-110.,12.51));
#2684=CARTESIAN_POINT('',(185.,-135.,15.01));
#2685=CARTESIAN_POINT('',(185.,-110.,15.01));
#2686=CARTESIAN_POINT('',(185.,-135.,12.51));
#2687=CARTESIAN_POINT('Origin',(115.,-135.,12.51));
#2688=CARTESIAN_POINT('',(115.,-135.,12.51));
#2689=CARTESIAN_POINT('',(185.,-135.,12.51));
#2690=CARTESIAN_POINT('',(115.,-135.,15.01));
#2691=CARTESIAN_POINT('',(185.,-135.,15.01));
#2692=CARTESIAN_POINT('',(115.,-135.,12.51));
#2693=CARTESIAN_POINT('Origin',(115.,-110.,12.51));
#2694=CARTESIAN_POINT('',(115.,-110.,12.51));
#2695=CARTESIAN_POINT('',(115.,-135.,12.51));
#2696=CARTESIAN_POINT('',(115.,-110.,15.01));
#2697=CARTESIAN_POINT('',(115.,-135.,15.01));
#2698=CARTESIAN_POINT('',(115.,-110.,12.51));
#2699=CARTESIAN_POINT('Origin',(167.844229293642,-110.,12.51));
#2700=CARTESIAN_POINT('',(115.,-110.,12.51));
#2701=CARTESIAN_POINT('',(115.,-110.,15.01));
#2702=CARTESIAN_POINT('Origin',(150.,-100.219197783,15.01));
#2703=CARTESIAN_POINT('Origin',(150.,-100.219197783,12.51));
#2704=UNCERTAINTY_MEASURE_WITH_UNIT(LENGTH_MEASURE(0.01),#2708,
'DISTANCE_ACCURACY_VALUE',
'Maximum model space distance between geometric entities at asserted c
onnectivities');
#2705=UNCERTAINTY_MEASURE_WITH_UNIT(LENGTH_MEASURE(0.01),#2708,
'DISTANCE_ACCURACY_VALUE',
'Maximum model space distance between geometric entities at asserted c
onnectivities');
#2706=(
GEOMETRIC_REPRESENTATION_CONTEXT(3)
GLOBAL_UNCERTAINTY_ASSIGNED_CONTEXT((#2704))
GLOBAL_UNIT_ASSIGNED_CONTEXT((#2708,#2709,#2710))
REPRESENTATION_CONTEXT('','3D')
);
#2707=(
GEOMETRIC_REPRESENTATION_CONTEXT(3)
GLOBAL_UNCERTAINTY_ASSIGNED_CONTEXT((#2705))
GLOBAL_UNIT_ASSIGNED_CONTEXT((#2708,#2709,#2710))
REPRESENTATION_CONTEXT('','3D')
);
#2708=(
LENGTH_UNIT()
NAMED_UNIT(*)
SI_UNIT(.MILLI.,.METRE.)
);
#2709=(
NAMED_UNIT(*)
PLANE_ANGLE_UNIT()
SI_UNIT($,.RADIAN.)
);
#2710=(
NAMED_UNIT(*)
SI_UNIT($,.STERADIAN.)
SOLID_ANGLE_UNIT()
);
#2711=SHAPE_DEFINITION_REPRESENTATION(#2712,#2713);
#2712=PRODUCT_DEFINITION_SHAPE('',$,#2715);
#2713=SHAPE_REPRESENTATION('',(#1688),#2706);
#2714=PRODUCT_DEFINITION_CONTEXT('part definition',#2719,'design');
#2715=PRODUCT_DEFINITION('DreamPad 1','DreamPad',#2716,#2714);
#2716=PRODUCT_DEFINITION_FORMATION('',$,#2721);
#2717=PRODUCT_RELATED_PRODUCT_CATEGORY('DreamPad','DreamPad',(#2721));
#2718=APPLICATION_PROTOCOL_DEFINITION('international standard',
'automotive_design',2009,#2719);
#2719=APPLICATION_CONTEXT(
'Core Data for Automotive Mechanical Design Process');
#2720=PRODUCT_CONTEXT('part definition',#2719,'mechanical');
#2721=PRODUCT('DreamPad 1','DreamPad','KiCad electronic assembly',(#2720));
#2722=PRESENTATION_STYLE_ASSIGNMENT((#2723));
#2723=SURFACE_STYLE_USAGE(.BOTH.,#2724);
#2724=SURFACE_SIDE_STYLE('',(#2725));
#2725=SURFACE_STYLE_FILL_AREA(#2726);
#2726=FILL_AREA_STYLE('Steel - Satin',(#2727));
#2727=FILL_AREA_STYLE_COLOUR('Steel - Satin',#2728);
#2728=COLOUR_RGB('Steel - Satin',0.627450980392157,0.627450980392157,0.627450980392157);
ENDSEC;
END-ISO-10303-21;
